root_key,icon_file,concept_ja
per1,root-per1.png,前へ
kom,root-kom.png,一緒に
en,root-en.png,中に
ne,root-ne.png,否定
re-,root-re.png,後ろに
eghs,root-eghs.png,外へ
ad-,root-ad.png,〜へ
dhē-,root-dhe.png,置く
de-,root-de.png,指示語幹
stā-,root-sta.png,立つ
dwis-,root-dwis.png,二つに・離れて
leg-,root-leg.png,集める
apo-,root-apo.png,離れて
upo,root-upo.png,下から上へ
genə-,root-gene.png,命を与える
weid-,root-weid.png,見る
ten-,root-ten.png,伸ばす
dwo-,root-dwo.png,二
epi,root-epi.png,近くに
reg-,root-reg.png,導く
wer-3,root-wer3.png,回す
pelə-1,root-pele1.png,満たす
ambhi,root-ambhi.png,周囲に
ag-,root-ag.png,動かす
ped-,root-ped.png,足
kap-,root-kap.png,しっかり握る
bher-1,root-bher1.png,運ぶ
sem-1,root-sem1.png,一つ・一緒に
s(w)e-,root-swe.png,自身
sed-,root-sed.png,座る
gwei-,root-gwei.png,生きる
trei-,root-trei.png,三
uper,root-uper.png,超えて
spek-,root-spek.png,観察する
deik-,root-deik.png,示す
dekm̥,root-dekm.png,十
mei-1,root-mei1.png,変化する
ak-,root-ak.png,鋭い
per-2,root-per2.png,導く
terə-2,root-tere2.png,横切る
bhā-2,root-bha2.png,話す
leu-,root-leu.png,解く
men-1,root-men1.png,考える
gnō-,root-gno.png,知る
kʷel-1,root-kwel1.png,回転する
gʷā-,root-gwa.png,行く
(s)pen-,root-spen.png,引く
gerbh-,root-gerbh.png,ひっかく
al-1,root-al1.png,越えて
pet-,root-pet.png,急ぐ
bheuə-,root-bheue.png,存在する
okʷ-,root-okw.png,見る
-ā-,root-a.png,
wegh-,root-wegh.png,行く
(s)ker-1,root-sker1.png,切る
(s)ker-3,root-sker3.png,回す
bhel-1,root-bhel1.png,輝く
ant-,root-ant.png,前
deuk-,root-deuk.png,導く
plek-,root-plek.png,編む
ker-1,root-ker1.png,角
bhā-1,root-bha1.png,輝く
mē-2,root-me2.png,測る
wel-3,root-wel3.png,転がる
ei-,root-ei.png,行く
kʷo-,root-kwo.png,誰・何
ghel-2,root-ghel2.png,輝く
dō-,root-do.png,与える
kaput-,root-kaput.png,頭
kʷetwer-,root-kwetwer.png,四
kers-2,root-kers2.png,走る
oi-no-,root-oino.png,一つ
perə-2,root-pere2.png,認める
skei-,root-skei.png,切る
leuk-,root-leuk.png,光
an-,root-an.png,上に
perə-1,root-pere1.png,生産する
sekʷ-1,root-sekw1.png,追う
med-,root-med.png,処置する
kelə-2,root-kele2.png,叫ぶ
man-2,root-man2.png,手
krei-,root-krei.png,ふるう
sterə-,root-stere.png,広げる
es-,root-es.png,存在する
werg-,root-werg.png,行動する
klāu-,root-klau.png,留め金
yē-,root-ye.png,投げる
no-men,root-nomen.png,名
meg-,root-meg.png,大きい
kaə-id-,root-kaeid.png,殴る
ghabh-,root-ghabh.png,与える
(s)teu-1,root-steu1.png,押す
ksun,root-ksun.png,共に
terə-1,root-tere1.png,こする
dheu-1,root-dheu1.png,立ちのぼる
dyeu-,root-dyeu.png,輝く
gheu-,root-gheu.png,注ぐ
g(e)r-2,root-ger2.png,曲がった
ked-,root-ked.png,行く
kerd-,root-kerd.png,心
peuk-,root-peuk.png,刺す
pau-,root-pau.png,わずかの
mittere,root-mittere.png,行かせる
pelə-2,root-pele2.png,平ら
medhyo-,root-medhyo.png,中央
wal-,root-wal.png,強い
wed-1,root-wed1.png,水
bhel-2,root-bhel2.png,吹く
nem-,root-nem.png,割り当てる
pag-,root-pag.png,留める
bhel-3,root-bhel3.png,咲く
bhreg-,root-bhreg.png,壊す
dhēs-,root-dhes.png,祭礼
merph-,root-merph.png,形
gʷelə-,root-gwele.png,投げる
ar-,root-ar.png,ぴったり合う
gher-1,root-gher1.png,しっかり握る
kar-,root-kar.png,硬い
al-3,root-al3.png,成長する・養う
op-,root-op.png,働く
deu-2,root-deu2.png,動作をする
reudh-,root-reudh.png,赤
kel-2,root-kel2.png,覆う
penkʷe,root-penkwe.png,五
beu-,root-beu.png,ふくらむ
ud-,root-ud.png,上へ
plat-,root-plat.png,広げる
wer-4,root-wer4.png,認める
klei-,root-klei.png,反り返る
men-4,root-men4.png,小さい・孤立した
dek-,root-dek.png,取る
meuə-,root-meue.png,押し出す
dem-,root-dem.png,家
yeug-,root-yeug.png,一緒になる
telə-,root-tele.png,持ち上げる
pel-6,root-pel6.png,強く押す
dhghem-,root-dhghem.png,大地
poti-,root-poti.png,力
ghend-,root-ghend.png,つかむ
teuə-2,root-teue2.png,膨らむ
deru-,root-deru.png,堅い
petə-,root-pete.png,広げる
em-,root-em.png,取る
dhē(i)-,root-dhei.png,吸う
gʷerə-2,root-gwere2.png,重い・激しい
men-2,root-men2.png,突出する
pleu-,root-pleu.png,流れる
bhergh-2,root-bhergh2.png,高い
dā-,root-da.png,分ける
ghredh-,root-ghredh.png,歩いていく
sol-,root-sol.png,全体
weik-1,root-weik1.png,一族・村
kel-1,root-kel1.png,打つ
sāg-,root-sag.png,探し出す
legh-,root-legh.png,横たえる
pā-,root-pa.png,保護する
segh-,root-segh.png,つかむ
(s)keu-,root-skeu.png,覆う
tragh-,root-tragh.png,引っ張る
aiw-,root-aiw.png,生命の力
pekʷ-,root-pekw.png,料理する
ker-3,root-ker3.png,成長する
ters-,root-ters.png,乾く
skrībh-,root-skribh.png,刻む
ster-2,root-ster2.png,星
plāk-1,root-plak1.png,平ら
tag-,root-tag.png,触る
mei-2,root-mei2.png,小さい
temə-1,root-teme1.png,切る
bheidh-,root-bheidh.png,信頼する
lendh-2,root-lendh2.png,広々とした
bhleu-,root-bhleu.png,膨張する
pau-2,root-pau2.png,切る
kad-,root-kad.png,落下
sek-,root-sek.png,切る
wekʷ-,root-wekw.png,話す
wer-5,root-wer5.png,覆う
kʷei-3,root-kwei3.png,認める
rē(i)-,root-rei.png,評価
stel-,root-stel.png,置く
awi-,root-awi.png,鳥
ret-,root-ret.png,走る
reup-,root-reup.png,奪う
to-,root-to.png,それ
bhreuə-,root-bhreue.png,沸く
kleu-,root-kleu.png,聴く
gʷou-,root-gwou.png,牛
(s)kep-,root-skep.png,切る
euə-,root-eue.png,見離す
melə-,root-mele.png,押しつぶす
keiə-,root-keie.png,始める
newo-,root-newo.png,新しい
magh-,root-magh.png,能力をもつ
nekʷ-t-,root-nekwt.png,夜
(s)kel-1,root-skel1.png,切る
per-4,root-per4.png,押す
streig-,root-streig.png,撫でる
merg-,root-merg.png,境界
mel-1,root-mel1.png,柔らかい
keuə-,root-keue.png,膨れる
kan-,root-kan.png,歌う
wer-2,root-wer2.png,持上げる
ōrd-,root-ord.png,整える
akʷ-ā-,root-akwa.png,水
sent-,root-sent.png,向かう
steig-,root-steig.png,突き刺す
mel-5,root-mel5.png,誤りの
leig-,root-leig.png,束ねる
legʷh-,root-legwh.png,軽い
mori-,root-mori.png,海
wel-2,root-wel2.png,望む
mer-2,root-mer2.png,こすり落とす
saəwel-,root-saewel.png,太陽
anə-,root-ane.png,呼吸する
lī̆no-,root-lino.png,亜麻
yewes-,root-yewes.png,法
dheigh-,root-dheigh.png,形作る
meik-,root-meik.png,混ぜる
pel-3,root-pel3.png,折る
ser-3,root-ser3.png,整列
trep-2,root-trep2.png,回る
wrād-,root-wrad.png,根・枝
kʷeiə-,root-kweie.png,休む
ko-,root-ko.png,これ
ster-1,root-ster1.png,硬直する
weg-2,root-weg2.png,強い・活発
wen-1,root-wen1.png,望む
gʷher-,root-gwher.png,温める
dent-,root-dent.png,歯
pəter-,root-peter.png,父
kat-,root-kat.png,下に
man-1,root-man1.png,人
(s)teg-,root-steg.png,覆う
kelə-1,root-kele1.png,温かい
ost-,root-ost.png,骨
rēd-,root-red.png,削る
leu(ə)-,root-leue.png,洗う
mregh-u-,root-mreghu.png,短い
kes-2,root-kes2.png,切る
gel-2,root-gel2.png,冷たい
ker-2,root-ker2.png,鳴く
teks-,root-teks.png,織る
wī̆-ro-,root-wiro.png,人
dhīgʷ-,root-dhigw.png,固定する
gʷerə-4,root-gwere4.png,飲む
tolkʷ-,root-tolkw.png,語る
arkhein,root-arkhein.png,統治
del-1,root-del1.png,長い
gerere,root-gerere.png,運ぶ
bhau-,root-bhau.png,打つ
bhlē-2,root-bhle2.png,吹く
paəwr̥,root-paewr.png,炎
g(e)n-,root-gen.png,圧縮
mūs-,root-mus.png,ネズミ
aug-,root-aug.png,増える
ghos-ti-,root-ghosti.png,客・異邦人
leip-,root-leip.png,脂肪
streb(h)-,root-strebh.png,巻く
sen-,root-sen.png,古い
dher-2,root-dher2.png,支える
kailo-,root-kailo.png,完全
kwēt-,root-kwet.png,振る
oit-,root-oit.png,引き連れる
s(w)eks,root-sweks.png,六
tkei-,root-tkei.png,住む
melg-,root-melg.png,こすり取る
(e)su-,root-esu.png,良い
māter-,root-mater.png,母
er-1,root-er1.png,動かす
ghrēu-,root-ghreu.png,擦る
kel-3,root-kel3.png,駆ける
peuə-,root-peue.png,清める
wei-,root-wei.png,ねじる
bheid-,root-bheid.png,噛む
prī-,root-pri.png,愛す
ed-,root-ed.png,食う
nāu-2,root-nau2.png,船
der-2,root-der2.png,割れる
ekwo-,root-ekwo.png,馬
sreu-,root-sreu.png,流れる
ner-2,root-ner2.png,男
autos,root-autos.png,自己
gheslo-,root-gheslo.png,千
ghē-,root-ghe.png,解放する
i-,root-i.png,代名詞語幹
peiə-,root-peie.png,肥える
pelə-3,root-pele3.png,砦
sak-,root-sak.png,神聖化する
gr̥ə-no-,root-greno.png,穀物
agh-2,root-agh2.png,日
weik-4,root-weik4.png,曲がる
sal-,root-sal.png,塩
genu-1,root-genu1.png,膝
ank-,root-ank.png,曲げる
der-1,root-der1.png,走る
au-4,root-au4.png,知覚
meug-,root-meug.png,ねばり
pū̆-2,root-pu2.png,腐る
sed-2,root-sed2.png,進む
skeud-,root-skeud.png,射る・投げる
kʷent(h)-,root-kwenth.png,苦しむ・経験する
pel-2,root-pel2.png,青白い
pō(i)-,root-poi.png,飲む
dn̥ghū-,root-dnghu.png,舌
leikʷ-,root-leikw.png,去る
dheuə-,root-dheue.png,完了する
kʷrep-,root-kwrep.png,体
līk-,root-lik.png,形
me-2,root-me2-2.png,中央
terkʷ-,root-terkw.png,巻く
(s)lei-,root-slei.png,どろどろした
albho-,root-albho.png,白
ghers-,root-ghers.png,逆立つ
gē,root-ge.png,地球
mel-4,root-mel4.png,強い
n̥dher-,root-ndher.png,下に
ned-,root-ned.png,縛る
sē-,root-se.png,撒く
deuə-,root-deue.png,長い
bhendh-,root-bhendh.png,縛る
pāl-,root-pal.png,触る
(s)tenə-,root-stene.png,雷鳴がする
ai-2,root-ai2.png,燃える
at-,root-at.png,年
eis-,root-eis.png,激情
gʷhen-,root-gwhen.png,打つ
oktō(u),root-oktou.png,八
pant-,root-pant.png,全体
rei-1,root-rei1.png,引っ掻く
sel-4,root-sel4.png,跳ぶ
skand-,root-skand.png,飛び跳ねる
webh-,root-webh.png,織る
wer-1,root-wer1.png,吹出物
gʷerə-3,root-gwere3.png,好意を示す
gʷhī-,root-gwhi.png,糸
swen-,root-swen.png,音を立てる
dhwer-,root-dhwer.png,門
sā-,root-sa.png,満足させる
kand-,root-kand.png,輝く
bhudh-,root-bhudh.png,底
am-,root-am.png,母親
glei-,root-glei.png,粘土
leid-,root-leid.png,遊ぶ
od-1,root-od1.png,臭う
per-5,root-per5.png,売買する
pilo-,root-pilo.png,毛
pneu-,root-pneu.png,呼吸する
ser-1,root-ser1.png,保護する
werə-3,root-were3.png,話す
kwon-,root-kwon.png,犬
peig-,root-peig.png,切る
weik-5,root-weik5.png,戦う
kei-1,root-kei1.png,横たわる
ghes-,root-ghes.png,手
(s)lēg-,root-sleg.png,
lē-2,root-le2.png,行かせる
wl̥kʷo-,root-wlkwo.png,狼
ap-1,root-ap1.png,掴む
aus-,root-aus.png,輝く
glōgh-,root-glogh.png,刺
kagh-,root-kagh.png,捕らえる
rep-,root-rep.png,奪う
spend-,root-spend.png,奉納する
sper-4,root-sper4.png,撒く
weis-,root-weis.png,流れる
wi-,root-wi.png,離れる
ōs-,root-os.png,口
agro-,root-agro.png,野
as-,root-as.png,燃やす
ger-,root-ger.png,集める
weip-,root-weip.png,回す
(s)mer-1,root-smer1.png,覚えている
aim-,root-aim.png,模倣
(s)mer-2,root-smer2.png,分ける
bhrūg-,root-bhrug.png,農産物
mag-,root-mag.png,こねる
spei-,root-spei.png,尖った先端
(s)twer-1,root-stwer1.png,回す
aus-2,root-aus2.png,金
aus-4,root-aus4.png,耳
koro-,root-koro.png,戦い
pent-,root-pent.png,行く
steigh-,root-steigh.png,またぐ
wīn-o-,root-wino.png,ワイン
peisk-,root-peisk.png,魚
plāk-2,root-plak2.png,打つ
arg-,root-arg.png,輝く
wērə-o-,root-wereo.png,真実
syū-,root-syu.png,縛る
bherəg-,root-bhereg.png,輝く
gʷen-,root-gwen.png,女性
temp-,root-temp.png,伸ばす
(s)nāu-,root-snau.png,泳ぐ
-tro-,root-tro.png,可能
bak-,root-bak.png,杖・支え
deph-,root-deph.png,刻む
kap-ro-,root-kapro.png,雄鹿
kent-,root-kent.png,刺す
kneu-,root-kneu.png,木の実
ors-,root-ors.png,尻
pē(i)-,root-pei.png,傷つける
reidh-,root-reidh.png,乗る
servus,root-servus.png,奴隷
snu-,root-snu.png,鼻
swād-,root-swad.png,甘い
sēmi-,root-semi.png,半分
kel-4,root-kel4.png,突出する・丘
men-3,root-men3.png,留まる
nek-1,root-nek1.png,死
gherə-,root-ghere.png,内臓
reiə-,root-reie.png,流れる
bhrāter-,root-bhrater.png,兄弟
bheg-,root-bheg.png,壊す
-lo-,root-lo.png,小
gerə-2,root-gere2.png,かすれる
skai-2,root-skai2.png,輝く
stebh-,root-stebh.png,柱
-(i)ko-,root-iko.png,
al-5,root-al5.png,全て
bhegʷ-,root-bhegw.png,走る
erə-3,root-ere3.png,分ける
kʷei-1,root-kwei1.png,支払う
leb-2,root-leb2.png,垂れる
leit-2,root-leit2.png,出かける
leubh-,root-leubh.png,気に掛ける
merk-3,root-merk3.png,商業
newn̥,root-newn.png,九
peku-,root-peku.png,財産
pel-1,root-pel1.png,粉
per-3,root-per3.png,試す
septm̥,root-septm.png,七
smīk-,root-smik.png,小さい
stom-en-,root-stomen.png,開口部
ter-,root-ter.png,境界線
tkē-,root-tke.png,支配力
wadh-1,root-wadh1.png,堅い約束
wendh-,root-wendh.png,回す
yeu-,root-yeu.png,生命の力
ghwer-,root-ghwer.png,野生動物
gleubh-,root-gleubh.png,引き裂く
prek-,root-prek.png,尋ねる
sleubh-,root-sleubh.png,滑る
wes-4,root-wes4.png,着る
kʷel-2,root-kwel2.png,遠い
(s)peis-,root-speis.png,吹く
(s)peik-,root-speik.png,鳥
geus-,root-geus.png,味わう
seuə-2,root-seue2.png,飲む
-ti-,root-ti.png,
Frankon-,root-frankon.png,フランク
aks-,root-aks.png,軸
bheudh-,root-bheudh.png,知らせる
bheug-1,root-bheug1.png,逃げる
ers-,root-ers.png,動く
erə-2,root-ere2.png,網
genu-2,root-genu2.png,あご
gh(e)r-3,root-gher3.png,輝く
ghrendh-,root-ghrendh.png,細かく砕く
keit-,root-keit.png,光る
kop-,root-kop.png,打つ
reuə-2,root-reue2.png,粉砕
sū-,root-su.png,豚
tāg-,root-tag-2.png,整列
wed-2,root-wed2.png,話す
weidh-,root-weidh.png,分離
wē-,root-we.png,吹く
(s)keuə-,root-skeue.png,気づく
bher-3,root-bher3.png,茶色
gher-5,root-gher5.png,欲する
pel-4,root-pel4.png,皮膚
ghāi-,root-ghai.png,あくび
kreus-,root-kreus.png,凍る
nas-,root-nas.png,鼻
teutā-,root-teuta.png,族
bheug-2,root-bheug2.png,楽しむ
bheug-3,root-bheug3.png,曲がる
kamp-,root-kamp.png,曲がる
mad-,root-mad.png,湿る
(s)lagʷ-,root-slagw.png,握る
(s)preg-2,root-spreg2.png,跳ねる
andh-,root-andh.png,花期
bhardh-ā-,root-bhardha.png,ひげ
bher-4,root-bher4.png,焼く
bhes-2,root-bhes2.png,呼吸する
dheiə-,root-dheie.png,見る
dher-1,root-dher1.png,暗い
dus-,root-dus.png,悪い
ghans-,root-ghans.png,ガチョウ
ghrēi-,root-ghrei.png,こすり合わせる
gʷelə-3,root-gwele3.png,飲み込む
gʷhren-,root-gwhren.png,考える
karlaz,root-karlaz.png,男性
keg-,root-keg.png,かぎ・歯状物
krāu-,root-krau.png,隠す
kʷei-2,root-kwei2.png,積み上げる
me-1,root-me1.png,私
mer-1,root-mer1.png,瞬く
mē-1,root-me1-2.png,精神状態
mōd-,root-mod.png,会う
ner-1,root-ner1.png,下に
nogʷ-,root-nogw.png,裸
orbh-,root-orbh.png,身分を失う
paus-,root-paus.png,離脱
rē-,root-re-2.png,贈る
sep-,root-sep.png,味わう
smē-,root-sme.png,汚す
steg-1,root-steg1.png,棒
steip-,root-steip.png,支える
stelə-,root-stele.png,張る
sē-2,root-se2.png,遅い
twerk-,root-twerk.png,切る
wes-pero-,root-wespero.png,夕方
bhag-,root-bhag.png,分配する
gal-2,root-gal2.png,叫ぶ
nebh-,root-nebh.png,雲
gembh-,root-gembh.png,歯
ser-4,root-ser4.png,上
spē-2,root-spe2.png,板
-nt-,root-nt.png,
aik-1,root-aik1.png,所有する
al-2,root-al2.png,さまよう
bhars-1,root-bhars1.png,突起
busk-,root-busk.png,森
del(ə)-,root-dele.png,刻む
dl̥k-u-,root-dlku.png,甘い
ergh-,root-ergh.png,登る
erə-,root-ere.png,漕ぐ
ghais-,root-ghais.png,固着
hlaupan,root-hlaupan.png,跳躍
kei-2,root-kei2.png,色彩形容詞
kost-,root-kost.png,肋骨
mei-3,root-mei3.png,固定
mei-4,root-mei4.png,縛る
mel-2,root-mel2.png,暗い色の
melit-,root-melit.png,蜜
māk-,root-mak.png,長い
mēms-,root-mems.png,肉
nogh-,root-nogh.png,爪
reuə-,root-reue.png,開く・空間
skreu-,root-skreu.png,切具
snā-,root-sna.png,泳ぐ
strenk-,root-strenk.png,窮屈
treud-,root-treud.png,絞る
wegʷh-,root-wegwh.png,説教
weiə-,root-weie.png,追い求める
wet-1,root-wet1.png,吹く
yēr-,root-yer.png,年・季節
kerp-,root-kerp.png,集める
kreuə-1,root-kreue1.png,生の
bher-2,root-bher2.png,切る
swep-,root-swep.png,眠る
ghei-2,root-ghei2.png,冬
kakka-,root-kakka.png,排便する
bhugo-,root-bhugo.png,雄
ghaiso-,root-ghaiso.png,槍
mā-2,root-ma2.png,母
swer-2,root-swer2.png,囁く
ōr-,root-or.png,朗読
(s)kel-3,root-skel3.png,歪む
(s)kerb-,root-skerb.png,曲げる
angh-,root-angh.png,締めつける
bherdh-,root-bherdh.png,切断
bhāgo-,root-bhago.png,ブナの木
bursa,root-bursa.png,革
dhragh-,root-dhragh.png,引く
elaiā,root-elaia.png,オリーブ
erədh-,root-eredh.png,険しい
kau-,root-kau.png,打つ
kemb-,root-kemb.png,曲げる
kert-,root-kert.png,絡む
kerə-,root-kere.png,混ぜる
keu-2,root-keu2.png,曲がる
kāu-,root-kau-2.png,焦げる
lent-o-,root-lento.png,柔軟
lep-1,root-lep1.png,剥がれる
leudh-2,root-leudh2.png,成長
mendh-2,root-mendh2.png,噛む
nei-,root-nei.png,輝く
ni,root-ni.png,下へ
sai-3,root-sai3.png,濃液
smei-,root-smei.png,笑う
spergh-,root-spergh.png,跳ぶ
stāi-,root-stai.png,石
sweid-1,root-sweid1.png,輝く
tel-,root-tel.png,地面
tres-,root-tres.png,震える
wadh-2,root-wadh2.png,行く
wers-,root-wers.png,混ぜる
wes-1,root-wes1.png,買う
wreg-,root-wreg.png,押す
dlegh-,root-dlegh.png,約束する
kā-,root-ka.png,好む
gāu-,root-gau.png,喜ぶ・畏れる
wekti-,root-wekti.png,物
(s)nēu-,root-sneu.png,腱
andho-,root-andho.png,暗い
arku-,root-arku.png,弓矢
at-al-,root-atal.png,族
bhasko-,root-bhasko.png,束
bhelgh-,root-bhelgh.png,膨らむ
bhreiə-,root-bhreie.png,壊す
bhrekʷ-,root-bhrekw.png,詰め込む
dheub-,root-dheub.png,深い
dhreu-,root-dhreu.png,滴る
ghebh-el-,root-ghebhel.png,頭
gras-,root-gras.png,貪る
gʷres-,root-gwres.png,太い
hūlē,root-hule.png,森
kems-,root-kems.png,宣言
kleng-,root-kleng.png,曲げる
kob-,root-kob.png,合う
kolə-mo-,root-kolemo.png,葦
kwēp-,root-kwep.png,蒸気
meuə-3,root-meue3.png,黙る
mezg-1,root-mezg1.png,浸す
mā-1,root-ma1.png,良い
neu-,root-neu.png,叫ぶ
ogʷhi-,root-ogwhi.png,蛇
op-2,root-op2.png,選ぶ
peis-1,root-peis1.png,押す
pek-2,root-pek2.png,梳く
seib-,root-seib.png,滴る
sel-3,root-sel3.png,掴む
sp(y)eu-,root-spyeu.png,吐く
spē-,root-spe.png,繁栄する
sweid-2,root-sweid2.png,汗
tak-2,root-tak2.png,取る
teng-,root-teng.png,浸る
teuə-1,root-teue1.png,見守る
udero-,root-udero.png,腹
weg-1,root-weg1.png,蜘蛛の巣張り
wel-4,root-wel4.png,裂く
welə-1,root-wele1.png,羊毛
wleik-,root-wleik.png,駆ける
leis-1,root-leis1.png,溝
ghrē-,root-ghre.png,成長する
ghrebh-2,root-ghrebh2.png,掘る
mai-1,root-mai1.png,刈る
(s)plei-,root-splei.png,分割
ansu-,root-ansu.png,霊
bassus,root-bassus.png,低い
bhedh-,root-bhedh.png,掘る
bhergh-1,root-bhergh1.png,隠す
bherək-,root-bherek.png,輝く
bhlāg-,root-bhlag.png,叩く
del-2,root-del2.png,数える
dheu-3,root-dheu3.png,死ぬ
dhregh-,root-dhregh.png,走る
el-2,root-el2.png,赤
eus-,root-eus.png,焦げる
gar-,root-gar.png,叫ぶ
gel-1,root-gel1.png,明るい
ghedh-,root-ghedh.png,集う
gheis-,root-gheis.png,恐怖・驚き
gheu(ə)-,root-gheue.png,祈る
gru-,root-gru.png,愚痴る
kal-2,root-kal2.png,美しい
kar-2,root-kar2.png,賞賛
kweit-,root-kweit.png,白い
leigh-,root-leigh.png,舐める
leup-,root-leup.png,剥がれる
līthrā,root-lithra.png,天秤
mē-3,root-me3.png,大
ongʷ-,root-ongw.png,清める
plumbum,root-plumbum.png,鉛
preus-,root-preus.png,凍る
seuə-1,root-seue1.png,産む
skelə-,root-skele.png,乾く
skipam,root-skipam.png,船
skot-,root-skot.png,影
slak-,root-slak.png,叩く
swo-,root-swo.png,そのような
tong-,root-tong.png,考える
welt-,root-welt.png,野生
weng-,root-weng.png,湾曲
wet-2,root-wet2.png,年
wīkm̥tī,root-wikmti.png,二十
yek-,root-yek.png,語る
āno-,root-ano.png,輪
deks-,root-deks.png,右
er-2,root-er2.png,地
ker-4,root-ker4.png,熱・火
meigh-,root-meigh.png,排尿する
Māwort-,root-mawort.png,マルス
skeubh-,root-skeubh.png,押す
(s)nē-,root-sne.png,紡ぐ
angelos,root-angelos.png,使者
ayes-,root-ayes.png,金属
bhars-2,root-bhars2.png,大麦
bhelg-,root-bhelg.png,梁
bhes-1,root-bhes1.png,摩擦
deu-1,root-deu1.png,欠く
dhabh-,root-dhabh.png,合う
dē-,root-de-2.png,縛る
egni-,root-egni.png,火
el-,root-el.png,肘
ferrum,root-ferrum.png,鉄
gʷel-,root-gwel.png,翼
gʷelə-2,root-gwele2.png,団栗
gʷhedh-,root-gwhedh.png,尋ねる・祈る
ken-2,root-ken2.png,新鮮
kenk-,root-kenk.png,巻く
ksero-,root-ksero.png,乾く
kʷer-,root-kwer.png,作る
leug-2,root-leug2.png,曲がる
maghu-,root-maghu.png,若者
mend-,root-mend.png,欠陥
meus-,root-meus.png,湿気
mu-,root-mu.png,蚊
nes-2,root-nes2.png,私たち
nobh-,root-nobh.png,へそ
pleus-,root-pleus.png,引き裂く
porko-,root-porko.png,豚
pō̆l-,root-pol.png,落下
r̥tko-,root-rtko.png,熊
sai-2,root-sai2.png,束ねる
sel-1,root-sel1.png,集落・居住地
sel-2,root-sel2.png,好意を示す
serp-2,root-serp2.png,這う
spreg-1,root-spreg1.png,話す
treb-,root-treb.png,住処
twei-,root-twei.png,かき混ぜる
wegʷ-,root-wegw.png,濡れた・湿った
weik-3,root-weik3.png,似ている
wrod-,root-wrod.png,薔薇
ē,root-e.png,離れて
ghēu-,root-gheu-2.png,大口を開く
bat-,root-bat.png,あくび
bhel-4,root-bhel4.png,叫ぶ
past-,root-past.png,固い
sekʷ-3,root-sekw3.png,言う
tauro-,root-tauro.png,雄牛
(s)kʷal-o-,root-skwalo.png,鯨
agh-1,root-agh1.png,落胆
ark-,root-ark.png,持つ
asp-,root-asp.png,切る
au-2,root-au2.png,離れる
bend-,root-bend.png,突起
bhoso-,root-bhoso.png,裸
bhē-,root-bhe.png,浴びる
demə-,root-deme.png,拘束する
derə-,root-dere.png,働く
gemə-,root-geme.png,結婚する
gheldh-,root-gheldh.png,支払う
gher-4,root-gher4.png,擦る
gho-,root-gho.png,これ
kamer-,root-kamer.png,納骨室
kleg-,root-kleg.png,叫ぶ
kous-,root-kous.png,聞く
kreiə-,root-kreie.png,目立つ
kwelp-,root-kwelp.png,弓状に曲げる
kʷezd-,root-kwezd.png,部分
laku-,root-laku.png,水溜り
leb-,root-leb.png,舐める・唇
lek-,root-lek.png,守る
lendh-1,root-lendh1.png,腰
lādh-,root-ladh.png,隠す
mei-no-,root-meino.png,意見
merə-,root-mere.png,妨げる
mon-,root-mon.png,首
mēlon,root-melon.png,果実
mō-,root-mo.png,努力
nek-3,root-nek3.png,連れる
om-,root-om.png,生
or-,root-or-2.png,猛禽
pik-,root-pik.png,樹脂・ピッチ
pīp(p)-,root-pipp.png,覗く
reu-,root-reu.png,怒鳴る
seikʷ-,root-seikw.png,溢れる
sekʷ-2,root-sekw2.png,気づく
senə-1,root-sene1.png,分離
sker-4,root-sker4.png,排出物
sleidh-,root-sleidh.png,滑る
srīg-,root-srig.png,冷たい
swei-2,root-swei2.png,曲げる
sweng(w)-,root-swengw.png,飛ぶ
taw-,root-taw.png,作る
tekʷ-,root-tekw.png,走る
trozdo-,root-trozdo.png,つぐみ
wei-3,root-wei3.png,欠点
welə-2,root-wele2.png,打つ
wers-2,root-wers2.png,滴る
wes-3,root-wes3.png,棲む
yā-,root-ya.png,求む
bhrū-,root-bhru.png,眉
mē-4,root-me4.png,刈る
āter-,root-ater.png,火
eu-,root-eu.png,着る
mendh-,root-mendh.png,学ぶ
pel-5,root-pel5.png,売る
leud-,root-leud.png,小
swem-,root-swem.png,泳ぐ
tenk-1,root-tenk1.png,伸ばす
ēs-,root-es-2.png,座る
(s)peud-,root-speud.png,追い払う
-yo-3,root-yo3.png,
ap-2,root-ap2.png,水
aus-3,root-aus3.png,汲む
ayer-,root-ayer.png,朝
bha-bhā-,root-bhabha.png,そら豆
bhad-,root-bhad.png,良い
bhengh-,root-bhengh.png,厚い
bhreu-,root-bhreu.png,ばらばらにする
brāk-,root-brak.png,ズボン
carcer,root-carcer.png,牢
dail-,root-dail.png,分ける
dan-,root-dan.png,低地
dap-,root-dap.png,配分
dek-2,root-dek2.png,尾飾
derk-,root-derk.png,見る
dhel-,root-dhel.png,谷
dreug-,root-dreug.png,乾く
dwei-,root-dwei.png,恐れる
eg,root-eg.png,私
g(e)u-lo-,root-geulo.png,炭
gep(h)-,root-geph.png,口
gh(e)n-,root-ghen.png,かじる
ghazdh-o-,root-ghazdho.png,竿
ghel-1,root-ghel1.png,呼ぶ
ghow-ē-,root-ghowe.png,崇拝
gleibh-,root-gleibh.png,付着
gʷelbh-,root-gwelbh.png,子宮
kal-1,root-kal1.png,杯
keni-,root-keni.png,埃
kneigʷh-,root-kneigwh.png,頼る
kret-2,root-kret2.png,拍子
kreuə-2,root-kreue2.png,打つ
kwei-,root-kwei.png,口笛
kō-,root-ko-2.png,研ぐ
las-,root-las.png,熱望する
leg-2,root-leg2.png,垂涎
leis-2,root-leis2.png,小さい
lēu-2,root-leu2.png,反響
mari-,root-mari.png,乙女
math-,root-math.png,昆虫
morwi-,root-morwi.png,蟻
nana,root-nana.png,おば
negʷh-ro-,root-negwhro.png,腎臓
nāu-1,root-nau1.png,死
od-2,root-od2.png,憎む
oid-,root-oid.png,膨張
pek-1,root-pek1.png,清浄
plou-,root-plou.png,ノミ
plē-(i)k-,root-pleik.png,裂く
prōkto-,root-prokto.png,肛門
pū̆-1,root-pu1.png,膨らむ
saus-,root-saus.png,乾燥
selk-,root-selk.png,引く
sem-2,root-sem2.png,夏
sengʷh-,root-sengwh.png,歌う
ser-5,root-ser5.png,掴む
sner-,root-sner.png,鳴く
sneubh-,root-sneubh.png,結婚
so-,root-so.png,これ
sper-2,root-sper2.png,回す
srebh-,root-srebh.png,吸う
swel-,root-swel.png,飲み込む
swesor-,root-swesor.png,姉妹
tak-1,root-tak1.png,黙る
temə-2,root-teme2.png,暗い
trem-,root-trem.png,震える
tu-,root-tu.png,あなた
wemə-,root-weme.png,吐く
wāg-,root-wag.png,壊す
yem-,root-yem.png,組む
reig-2,root-reig2.png,届く
sūro-,root-suro.png,すっぱい
ams-,root-ams.png,黒
greut-,root-greut.png,押す
ko(n)kho-,root-konkho.png,貝
rebh-2,root-rebh2.png,覆う
rū-no-,root-runo.png,謎
(s)mer-3,root-smer3.png,脂っこい
(s)ping-,root-sping.png,小鳥
(s)poi-mo-,root-spoimo.png,泡
(s)ter-n-,root-stern.png,とげ
(s)wāgh-,root-swagh.png,反響
-es-,root-es-3.png,抽象名詞接尾辞
-mo-,root-mo-2.png,
-no-,root-no.png,
-sko-,root-sko.png,反復
asinus,root-asinus.png,ロバ
bhlē-1,root-bhle1.png,吠える
bhlīg-,root-bhlig.png,叩く
bhrag-,root-bhrag.png,嗅ぐ
bhrem-2,root-bhrem2.png,突起
bhreus-,root-bhreus.png,膨れる
dakru-,root-dakru.png,涙
denk-,root-denk.png,噛む
dens-2,root-dens2.png,濃密
dergh-,root-dergh.png,握る
dhal-,root-dhal.png,咲く
dheugh-,root-dheugh.png,生産する
dhreibh-,root-dhreibh.png,押す
dhwenə-,root-dhwene.png,消える
egʷh-,root-egwh.png,飲む
elə-,root-ele.png,行く
engʷ-,root-engw.png,鼠蹊
ers-2,root-ers2.png,濡れる
euk-,root-euk.png,慣れる
gagina,root-gagina.png,逆らう
krem-,root-krem.png,玉ねぎ
kret-1,root-kret1.png,揺れる
kād-,root-kad-2.png,悲哀
kʷr̥mi-,root-kwrmi.png,虫
lab-,root-lab.png,舐める
lap-,root-lap.png,点火
lau-,root-lau.png,利益
lei-,root-lei.png,流れる
lep-2,root-lep2.png,平坦
leu-2,root-leu2-2.png,汚れ
leugh-,root-leugh.png,嘘をつく
mai-2,root-mai2.png,汚す
marko-,root-marko.png,馬
medhu-,root-medhu.png,蜜
mozgo-,root-mozgo.png,骨髄
nepōt-,root-nepot.png,孫
nes-1,root-nes1.png,帰還する
neu-2,root-neu2.png,頷く
neud-,root-neud.png,享受する
nu-,root-nu.png,今
nōt-,root-not.png,背中
om(e)so-,root-omeso.png,肩
ombh-ro-,root-ombhro.png,雨
papa,root-papa.png,パパ
ped-2,root-ped2.png,器
pel(i)s-,root-pelis.png,崖
perd-,root-perd.png,放屁する
perso-,root-perso.png,束
rezg-,root-rezg.png,編む
rē-2,root-re2.png,暗色
rēp-1,root-rep1.png,這う
sab-,root-sab.png,汁
sam-,root-sam.png,歌う
sel-es-,root-seles.png,湿地
sked-,root-sked.png,撒く
slēb-,root-sleb.png,弱る・眠る
smī-,root-smi.png,切る
sneg-,root-sneg.png,這う
sneudh-,root-sneudh.png,霧
sperə-,root-spere.png,足首
splend-,root-splend.png,輝く
stegh-,root-stegh.png,突く
swei-1,root-swei1.png,口笛
swel-2,root-swel2.png,燃える
swelə-,root-swele.png,膨れる
swer-,root-swer.png,話す
swer-3,root-swer3.png,重さを量る
swordo-,root-swordo.png,黒い
tegu-,root-tegu.png,厚い
tenk-2,root-tenk2.png,固まる
tep-,root-tep.png,暑い
trep-1,root-trep1.png,震える
u(wa)l-,root-uwal.png,うなる
uks-en-,root-uksen.png,雄牛
wai,root-wai.png,悲哀
wak-,root-wak.png,牛
widhu-,root-widhu.png,木
yek-2,root-yek2.png,狩る
yu-,root-yu.png,あなた
yēgʷ-ā-,root-yegwa.png,力
āmer-,root-amer.png,日
bheigʷ-,root-bheigw.png,輝く
dher-3,root-dher3.png,つぶやく
dheubh-,root-dheubh.png,くさび
leizd-,root-leizd.png,境界
spel-2,root-spel2.png,朗読
stāk-,root-stak.png,立つ
(s)keup-,root-skeup.png,房
(s)trei-,root-strei.png,鋭音
-mno-,root-mno.png,受動
-ter-,root-ter-2.png,者
-to-,root-to-2.png,形容詞化接尾辞
ab(e)l-,root-abel.png,りんご
agʷh-no-,root-agwhno.png,子羊
anət-,root-anet.png,鴨
aryo-,root-aryo.png,同胞
au-1,root-au1.png,〜的
au-3,root-au3.png,織る
bhel-u-,root-bhelu.png,破壊
bherg-,root-bherg.png,音
bhlei-,root-bhlei.png,膨らむ
bhrem-1,root-bhrem1.png,うなり
bhres-,root-bhres.png,爆発
dens-1,root-dens1.png,知力
derbh-,root-derbh.png,詰め込む
dhgh(y)es-,root-dhghyes.png,昨日
dhgʷher-,root-dhgwher.png,流入
dhreugh-,root-dhreugh.png,詐欺
eg-,root-eg-2.png,欠く
eghi-,root-eghi.png,蛇
eti,root-eti.png,〜等
gal-1,root-gal1.png,はげる
gh(a)id-o-,root-ghaido.png,羊
ghalgh-,root-ghalgh.png,絞首台
ghei-1,root-ghei1.png,駆り立てる
ghel-3,root-ghel3.png,去勢
gheləd-,root-gheled.png,塊
gladh-,root-gladh.png,滑らか
gue-,root-gue.png,たわむ
gʷerə-1,root-gwere1.png,山
gʷhrē-,root-gwhre.png,匂う
kak-,root-kak.png,可能にする
kelb-,root-kelb.png,助ける
ken-1,root-ken1.png,立ち上がる
ken-3,root-ken3.png,空
kenk-2,root-kenk2.png,耐える
kenk-3,root-kenk3.png,踵
keuk-,root-keuk.png,白くなる
kl̥ə-wo-,root-klewo.png,はげた
konə-mo-,root-konemo.png,すね
krek-1,root-krek1.png,編む
krut-,root-krut.png,楽器
krō̆po-,root-kropo.png,屋根
kēw-(e)ro-,root-kewero.png,北
laiwo-,root-laiwo.png,左
laks-,root-laks.png,鮭
leit-1,root-leit1.png,嫌悪
letro-,root-letro.png,革
leudh-1,root-leudh1.png,行く
magh-2,root-magh2.png,戦う
mak-,root-mak-2.png,鞄
menegh-,root-menegh.png,豊富
mezg-2,root-mezg2.png,編む
mregh-m(n)o-,root-mreghmno.png,脳
mā-3,root-ma3.png,湿気
mēi-,root-mei.png,温和
oito-,root-oito.png,誓い
os-,root-os-2.png,灰木
owi-,root-owi.png,羊
p(y)el-,root-pyel.png,ポプラ
perk-2,root-perk2.png,探す
pezd-,root-pezd.png,放屁する
prep-,root-prep.png,跳ぶ
pster-,root-pster.png,くしゃみ
puk-,root-puk.png,毛むくじゃら
pūro-,root-puro.png,穀粒
reig-1,root-reig1.png,縛る
rendh-,root-rendh.png,引き裂く
reudh-2,root-reudh2.png,切り開く
rēp-2,root-rep2.png,杭
s(w)okʷo-,root-swokwo.png,樹脂
sai-1,root-sai1.png,苦しむ
sal(i)k-,root-salik.png,柳
selp-,root-selp.png,脂肪
sendhro-,root-sendhro.png,砕屑
sengʷ-,root-sengw.png,沈む
sep-2,root-sep2.png,扱う
serk-,root-serk.png,完全にする
serp-1,root-serp1.png,鉤
si-lo-,root-silo.png,静寂
sloug-,root-sloug.png,手伝う
smeug-,root-smeug.png,煙る
sneit-,root-sneit.png,切る
srenk-,root-srenk.png,いびき
swen-to-,root-swento.png,健全
swep-2,root-swep2.png,投げる
swerbh-,root-swerbh.png,回す
swergh-,root-swergh.png,憂う
swombho-,root-swombho.png,海綿状
terp-,root-terp.png,喜ぶ
tit-,root-tit.png,くすぐる
twengh-,root-twengh.png,押す
wel-1,root-wel1.png,見る
welg-,root-welg.png,濡れる
wen-2,root-wen2.png,打つ
werə-2,root-were2.png,見つける
wes-2,root-wes2.png,湿る
wl̥p-ē-,root-wlpe.png,狐
wogʷh-ni-,root-wogwhni.png,楔
wokso-,root-wokso.png,蝋
wopsā-,root-wopsa.png,蜂
wrōd-,root-wrod-2.png,根
yēk-,root-yek-2.png,癒す
āpero-,root-apero.png,陸岸
ōku-,root-oku.png,速い
smeg-,root-smeg.png,味わう
wesr̥,root-wesr.png,春
(s)gʷes-,root-sgwes.png,消す
(s)mēlo-,root-smelo.png,小動物
(s)twer-2,root-stwer2.png,しっかり握る
(unknown),root-unknown.png,
-en-,root-en-2.png,名詞・形容詞接尾辞
-n-,root-n.png,
-tero-,root-tero.png,比較
-tu-,root-tu-2.png,抽象名詞接尾辞
-wer／-wen-,root-werwen.png,
-yos-,root-yos-2.png,強さ
-ē-,root-e-2.png,
adheso-,root-adheso.png,斧
ag-es-,root-ages.png,欠陥
agw(e)sī-,root-agwesi.png,斧
aig-,root-aig.png,山羊
aik-2,root-aik2.png,打つ
ais-,root-ais.png,願う
al-4,root-al4.png,研ぐ
algʷh-,root-algwh.png,稼ぐ
alu-,root-alu.png,魔術
an-2,root-an2.png,婦人
an-3,root-an3.png,注ぐ
ans-,root-ans.png,輪
anətā-,root-aneta.png,柱
apsā-,root-apsa.png,ポプラ
arə-,root-are.png,耕地
atto-,root-atto.png,父
badyo-,root-badyo.png,褐色
band-,root-band.png,微量
bhei-,root-bhei.png,蜂
bheld-,root-bheld.png,打撃
bhers-,root-bhers.png,迅速
bhlād-,root-bhlad.png,礼拝
bhāghu-,root-bhaghu.png,腕
daiwer-,root-daiwer.png,夫の兄弟
deigh-,root-deigh.png,ダニ
dheb-,root-dheb.png,圧縮
dhelbh-,root-dhelbh.png,掘る
