key,disp,jp,en,icon,reg
(e)su-,*(e)su-,良い,good,root-concept/root-esu.png,
(s)kep-,*(s)kep-,切る,to cut,root-concept/root-skep.png,
(s)ker-3,*(s)ker-3,回す,to turn,root-concept/root-sker3.png,
(s)keu-,*(s)keu-,覆う,to cover,root-concept/root-skeu.png,
(s)tenə-,*(s)tenə-,雷鳴がする,to thunder,root-concept/root-stene.png,
(s)twer-1,*(s)twer-1,回す,spin,root-concept/root-stwer1.png,
-lo-,-lo-,小,small,root-concept/root-lo.png,
-nt-,-nt-,,,root-concept/root-nt.png,
-ti-,-ti-,,,root-concept/root-ti.png,
-yo-3,-yo-3,,,root-concept/root-yo3.png,
-ā-,-ā-,,,root-concept/root-a.png,
ad-,*ad-,～へ,to,root-concept/root-ad.png,
aiw-,*aiw-,生命の力,vital force,root-concept/root-aiw.png,
ak-,*ak-,鋭い,sharp,root-concept/root-ak.png,
akʷ-ā-,*akʷ-ā-,水,water,root-concept/root-akwa.png,
al-1,*al-1,越えて,beyond,root-concept/root-al1.png,
al-5,*al-5,全て,all,root-concept/root-al5.png,
albho-,*albho-,白,white,root-concept/root-albho.png,
ambhi,*ambhi,周囲に,around,root-concept/root-ambhi.png,
an-,*an-,上に,on,root-concept/root-an.png,
ank-,*ank-,曲げる,bend,root-concept/root-ank.png,
ansu-,*ansu-,霊,spirit,root-concept/root-ansu.png,
ant-,*ant-,前,front,root-concept/root-ant.png,
anə-,*anə-,息をする,to breathe,root-concept/root-ane.png,ane
apo-,*apo-,離れて,off,root-concept/root-apo.png,
aus-4,*aus-4,耳,ear,root-concept/root-aus4.png,
autos,*autos,自己,,root-concept/root-autos.png,
awi-,*awi-,鳥,bird,root-concept/root-awi.png,
bhei-,*bhei-,蜂,bee,root-concept/root-bhei.png,
bhel-1,*bhel-1,輝く,to shine,root-concept/root-bhel1.png,
bheug-2,*bheug-2,楽しむ,revel,root-concept/root-bheug2.png,
bhleu-,*bhleu-,膨張する,to swell,root-concept/root-bhleu.png,
bhrūg-,*bhrūg-,農産物,agricultural produce,root-concept/root-bhrug.png,
bhā-1,*bhā-1,輝く,to shine,root-concept/root-bha1.png,
bhā-2,*bhā-2,話す,to speak,root-concept/root-bha2.png,bha
de-,*de-,指し示す,to point,root-concept/root-de.png,
dekm̥,*dekm̥,十,ten,root-concept/root-dekm.png,
del-1,*del-1,長い,long,root-concept/root-del1.png,
deru-,*deru-,堅い,to be firm,root-concept/root-deru.png,
deu-2,*deu-2,動作をする,to do,root-concept/root-deu2.png,
dheigh-,*dheigh-,形作る,to form,root-concept/root-dheigh.png,
dhwer-,*dhwer-,門,door,root-concept/root-dhwer.png,
dhē-,*dhē-,置く,to set,root-concept/root-dhe.png,
dhēs-,*dhēs-,祭礼,religious rite,root-concept/root-dhes.png,
dus-,*dus-,悪い,bad,root-concept/root-dus.png,
dwis-,*dwis-,二つに・離れて,apart,root-concept/root-dwis.png,
dwo-,*dwo-,二,two,root-concept/root-dwo.png,
dyeu-,*dyeu-,輝く,to shine,root-concept/root-dyeu.png,
dā-,*dā-,分ける,to divide,root-concept/root-da.png,
dō-,*dō-,与える,to give,root-concept/root-do.png,do
eghs,*eghs,外へ,out,root-concept/root-eghs.png,
eghs-,*eghs-,eghs-,,,
en,*en,中に,in,root-concept/root-en.png,
epi,*epi,近くに,near,root-concept/root-epi.png,
er-1,*er-1,動かす,to move,root-concept/root-er1.png,
erkʷ-,*erkʷ-,放出,emit,,
ers-2,*ers-2,濡れる,wet,root-concept/root-ers2.png,
erə-3,*erə-3,分ける,divide,root-concept/root-ere3.png,
erədh-,*erədh-,険しい,steep,root-concept/root-eredh.png,
es-,*es-,存在する,to be,root-concept/root-es.png,
g^wei-,*g^wei-,g^wei-,,,
gel-1,*gel-1,明るい,bright,root-concept/root-gel1.png,
genu-1,*genu-1,ひざ・角,knee,root-concept/root-genu1.png,genu
gerbh-,*gerbh-,ひっかく,to scratch,root-concept/root-gerbh.png,
geus-,*geus-,味わう,to taste,root-concept/root-geus.png,
ghers-,*ghers-,逆立つ,to bristle,root-concept/root-ghers.png,
gheu-,*gheu-,注ぐ,to pour,root-concept/root-gheu.png,
ghwer-,*ghwer-,野生動物,wild beast,root-concept/root-ghwer.png,
glei-,*glei-,粘土,clay,root-concept/root-glei.png,
gr̥ə-no-,*gr̥ə-no-,穀物,grain,root-concept/root-greno.png,
gwei-,*gwei-,生きる,to live,root-concept/root-gwei.png,gwei
gāu-,*gāu-,喜ぶ・畏れる,to rejoice,root-concept/root-gau.png,
gʷelə-,*gʷelə-,投げる,to throw,root-concept/root-gwele.png,
gʷher-,*gʷher-,温める,to heat,root-concept/root-gwher.png,
hūlē,*hūlē,森,forest,root-concept/root-hule.png,
kakka-,*kakka-,排便する,to defecate,root-concept/root-kakka.png,
kal-2,*kal-2,美しい,fair,root-concept/root-kal2.png,
kaput-,*kaput-,頭,head,root-concept/root-kaput.png,kaput
kar-,*kar-,硬い,hard,root-concept/root-kar.png,
kar-2,*kar-2,賞賛,praise,root-concept/root-kar2.png,
kat-,*kat-,下に,down,root-concept/root-kat.png,
kaə-id-,*kaə-id-,殴る,to strike,root-concept/root-kaeid.png,
kel-1,*kel-1,打つ,to strike,root-concept/root-kel1.png,
kelə-1,*kelə-1,温かい,warm,root-concept/root-kele1.png,
kelə-2,*kelə-2,叫ぶ,to shout,root-concept/root-kele2.png,
ken-2,*ken-2,新鮮,fresh,root-concept/root-ken2.png,
ker-1,*ker-1,角,horn,root-concept/root-ker1.png,
ker-2,*ker-2,鳴く,roar,root-concept/root-ker2.png,
kers-2,*kers-2,走る,to run,root-concept/root-kers2.png,
kerə-,*kerə-,混ぜる,to mix,root-concept/root-kere.png,
klep-,*klep-,盗む,steal,,
klāu-,*klāu-,留め金,hook,root-concept/root-klau.png,
kolə-mo-,*kolə-mo-,葦,reed,root-concept/root-kolemo.png,
kom,*kom,一緒に,together,root-concept/root-kom.png,
koro-,*koro-,戦い,war,root-concept/root-koro.png,
ksun,*ksun,共に,with,root-concept/root-ksun.png,
kāu-,*kāu-,焦げる,scorch,root-concept/root-kau-2.png,
kʷeiə-,*kʷeiə-,休む,to rest,root-concept/root-kweie.png,
kʷel-1,*kʷel-1,回転する,to revolve,root-concept/root-kwel1.png,
kʷel-2,*kʷel-2,遠い,far,root-concept/root-kwel2.png,
kʷetwer-,*kʷetwer-,四,four,root-concept/root-kwetwer.png,
kʷezd-,*kʷezd-,部分,part,root-concept/root-kwezd.png,
kʷo-,*kʷo-,誰・何,who/what,root-concept/root-kwo.png,
leg-,*leg-,集める,to collect,root-concept/root-leg.png,
leikʷ-,*leikʷ-,去る,to leave,root-concept/root-leikw.png,
leu-,*leu-,解く,to loosen,root-concept/root-leu.png,
lē-1,*lē-1,得る,obtain,,
līk-,*līk-,形,form,root-concept/root-lik.png,
lī̆no-,*lī̆no-,亜麻,flax,root-concept/root-lino.png,
maghu-,*maghu-,若者,young person,root-concept/root-maghu.png,
man-1,*man-1,人,man,root-concept/root-man1.png,
med-,*med-,処置する,to manage,root-concept/root-med.png,
medhyo-,*medhyo-,中央,middle,root-concept/root-medhyo.png,
meg-,*meg-,大きい,great,root-concept/root-meg.png,
mei-1,*mei-1,変化する,to change,root-concept/root-mei1.png,
mel-1,*mel-1,柔らかい,soft,root-concept/root-mel1.png,
mel-5,*mel-5,誤りの,false,root-concept/root-mel5.png,
men-1,*men-1,考える,to think,root-concept/root-men1.png,men
men-2,*men-2,突出する,to project,root-concept/root-men2.png,
men-4,*men-4,小さい・孤立した,small,root-concept/root-men4.png,
merg-,*merg-,境界,boundary,root-concept/root-merg.png,
merph-,*merph-,形,form,root-concept/root-merph.png,
mittere,*mittere,行かせる,to let go,root-concept/root-mittere.png,
mori-,*mori-,水域,body of water,root-concept/root-mori.png,mori
mē-2,*mē-2,測る,to measure,root-concept/root-me2.png,
mōd-,*mōd-,会う,meet,root-concept/root-mod.png,
ne,*ne,否定,not,root-concept/root-ne.png,
nek-1,*nek-1,死,death,root-concept/root-nek1.png,
newn̥,*newn̥,九,nine,root-concept/root-newn.png,
newo-,*newo-,新しい,new,root-concept/root-newo.png,
ogʷhi-,*ogʷhi-,蛇,snake,root-concept/root-ogwhi.png,
oi-no-,*oi-no-,ひとつ,one,root-concept/root-oino.png,oino
oktō(u),*oktō(u),八,eight,root-concept/root-oktou.png,
oner-,*oner-,夢,dream,,
op-,*op-,働く,to work,root-concept/root-op.png,
ors-,*ors-,尻,buttocks,root-concept/root-ors.png,
pant-,*pant-,全体,all,root-concept/root-pant.png,
pau-,*pau-,わずかの,few,root-concept/root-pau.png,
paəwr̥,*paəwr̥,炎,flame,root-concept/root-paewr.png,
ped-,*ped-,足,foot,root-concept/root-ped.png,
pek-2,*pek-2,梳く,comb,root-concept/root-pek2.png,
pelə-1,*pelə-1,満たす,to fill,root-concept/root-pele1.png,
penkʷe,*penkʷe,五,five,root-concept/root-penkwe.png,
per1,*per1,前へ,forward,root-concept/root-per1.png,
perə-1,*perə-1,生産する,to produce,root-concept/root-pere1.png,
perə-2,*perə-2,認める,to grant,root-concept/root-pere2.png,
pet-,*pet-,急ぐ,to rush,root-concept/root-pet.png,
peuk-,*peuk-,刺す,to prick,root-concept/root-peuk.png,
philos,*philos,愛,,,
plāk-1,*plāk-1,平ら,to be flat,root-concept/root-plak1.png,
poti-,*poti-,力,power,root-concept/root-poti.png,
prī-,*prī-,愛す,to love,root-concept/root-pri.png,
re-,*re-,後ろに,backward,root-concept/root-re.png,
reg-,*reg-,まっすぐ導く,to lead straight,root-concept/root-reg.png,reg
reudh-,*reudh-,赤,red,root-concept/root-reudh.png,
s(w)e-,*s(w)e-,自身,self,root-concept/root-swe.png,
s(w)eks,*s(w)eks,六,six,root-concept/root-sweks.png,
sak-,*sak-,神聖化する,to sanctify,root-concept/root-sak.png,
sek-,*sek-,切る,to cut,root-concept/root-sek.png,
sekʷ-1,*sekʷ-1,追う,to follow,root-concept/root-sekw1.png,
sem-1,*sem-1,一つ・一緒に,one,root-concept/root-sem1.png,
sengʷh-,*sengʷh-,歌う,to sing,root-concept/root-sengwh.png,
sent-,*sent-,向かう,to head for,root-concept/root-sent.png,
septm̥,*septm̥,七,seven,root-concept/root-septm.png,
skai-2,*skai-2,輝く,to shine,root-concept/root-skai2.png,
skrībh-,*skrībh-,刻む,to cut,root-concept/root-skribh.png,
slengʷh-,*slengʷh-,投げる,sling,,
smīk-,*smīk-,小さい,tiny,root-concept/root-smik.png,
spek-,*spek-,観察する,to observe,root-concept/root-spek.png,
steig-,*steig-,突き刺す,to stick,root-concept/root-steig.png,
ster-1,*ster-1,硬直する,stiff,root-concept/root-ster1.png,
ster-2,*ster-2,星,star,root-concept/root-ster2.png,
sterə-,*sterə-,広げる,spread,root-concept/root-stere.png,
streb(h)-,*streb(h)-,巻く,to wind,root-concept/root-strebh.png,
strenk-,*strenk-,窮屈,tight,root-concept/root-strenk.png,
swen-,*swen-,音を立てる,to sound,root-concept/root-swen.png,
sē-3,*sē-3,篩う,sift,,
sēmi-,*sēmi-,半分,half‑,root-concept/root-semi.png,
teks-,*teks-,織る,to weave,root-concept/root-teks.png,
ter-,*ter-,境界線,boundary,root-concept/root-ter.png,
terə-2,*terə-2,横切る,to cross over,root-concept/root-tere2.png,
teutā-,*teutā-,族,tribe,root-concept/root-teuta.png,
tkei-,*tkei-,住む,to settle,root-concept/root-tkei.png,
to-,*to-,それ,demonstrative pronoun,root-concept/root-to.png,
trei-,*trei-,三,three,root-concept/root-trei.png,
trep-2,*trep-2,回る,to turn,root-concept/root-trep2.png,
twerk-,*twerk-,切る,hack,root-concept/root-twerk.png,
ud-,*ud-,上へ,up,root-concept/root-ud.png,
uper,*uper,超えて,over,root-concept/root-uper.png,
upo,*upo,下から上へ,under,root-concept/root-upo.png,
wed-1,*wed-1,水,water,root-concept/root-wed1.png,
wegh-,*wegh-,行く,to go,root-concept/root-wegh.png,
weid-,*weid-,見る・知る,to see,root-concept/root-weid.png,weid
weik-4,*weik-4,曲がる,to bend,root-concept/root-weik4.png,
wer-2,*wer-2,持上げる,to raise,root-concept/root-wer2.png,
wer-3,*wer-3,回す,to turn,root-concept/root-wer3.png,
wer-5,*wer-5,覆う,to cover,root-concept/root-wer5.png,
wes-1,*wes-1,買う,to buy,root-concept/root-wes1.png,
wrād-,*wrād-,根・枝,root/branch,root-concept/root-wrad.png,
wīkm̥tī,*wīkm̥tī,二十,twenty,root-concept/root-wikmti.png,
wō̆s,*wō̆s,あなたたち,you,,
yewes-,*yewes-,法,law,root-concept/root-yewes.png,
yē-,*yē-,投げる,to throw,root-concept/root-ye.png,ye
yēk-,*yēk-,癒す,heal,root-concept/root-yek-2.png,
