id,note,derivations
kaput,印欧祖語 *kaput- は「頭」を意味し、ラテン語 caput、古英語 hēafod(→head)などに連なる。身体の頂点から転じて「長・首位・資本」の意味群を生んだ、英語語彙の大黒柱のひとつである。,captain=ラテン語 caput「頭」→ 後期ラテン語 capitaneus「長」→ 古フランス語 capitaine → 英語 captain「船長・主将」;cap=後期ラテン語 cappa「頭巾」→ 古英語 cæppe → 英語 cap「帽子」;cabbage=ラテン語 caput → 古北フランス語 caboche「頭」→ 英語 cabbage「キャベツ(頭のような野菜)」;capital=ラテン語 capitalis「頭の・主要な」→ 英語 capital「首都・資本・大文字」;chef=ラテン語 caput → 古フランス語 chief「頭・長」→ フランス語 chef → 英語 chef「料理長」
ane,印欧祖語 *ane- は「息をする」。ラテン語 anima「息・魂」、animus「心」を経て、「息づくもの=生き物」「命を吹き込む」という語群へ発展した。呼吸と生命を結びつける古代人の世界観がよく表れている。,animal=ラテン語 anima「息・魂」→ animalis「息づくもの」→ 英語 animal「動物」;animation=ラテン語 animare「命を吹き込む」→ 英語 animation「アニメーション」;animate=ラテン語 animatus「命を与えられた」→ 英語 animate「生き生きした・動かす」;unanimous=ラテン語 unus「一つ」+ animus「心」→ unanimus「心を一つにした」→ 英語 unanimous「満場一致の」
bha,印欧祖語 *bha- は「話す・言う」。ラテン語 fari「話す」、ギリシャ語 phēmi「言う」/ phōnē「声」の二大系統に分かれ、物語・名声・音声など「ことばが生むもの」を広くカバーする語根である。,fable=ラテン語 fari「話す」→ fabula「物語」→ 英語 fable「寓話」;fame=ラテン語 fama「うわさ・評判」→ 英語 fame「名声」;telephone=ギリシャ語 tēle「遠く」+ phōnē「声」→ 英語 telephone「電話」;infant=ラテン語 in-「否定」+ fans「話す」→ infans「まだ話せない者」→ 英語 infant「幼児」;prophet=ギリシャ語 pro「前もって」+ phanai「言う」→ prophētēs → 英語 prophet「預言者」
gwei,印欧祖語 *gwei- は「生きる」。ラテン語 vivere、ギリシャ語 bios / zōē、古英語 cwic と、主要言語すべてに生命の語彙を供給した。quick が本来「生きている」の意だったことは、この語根の生命力を物語る。,vivid=ラテン語 vivere「生きる」→ vividus「生気のある」→ 英語 vivid「鮮やかな」;quick=印欧祖語 *gwei- → 古英語 cwic「生きている」→ 英語 quick「すばやい」;biology=ギリシャ語 bios「生」+ -logia「学」→ 英語 biology「生物学」;zoo=ギリシャ語 zōion「動物」→ zoological garden → 英語 zoo「動物園」;survive=ラテン語 super「越えて」+ vivere「生きる」→ 英語 survive「生きのびる」
oino,印欧祖語 *oi-no- は「ひとつ」。古英語 ān(→one)、ラテン語 ūnus に受け継がれ、単一・唯一・結合の概念群を形づくった。a / an という冠詞さえ、この語根の末裔である。,one=印欧祖語 *oi-no- → 古英語 ān → 英語 one「一」;unique=ラテン語 ūnus「一つ」→ ūnicus「唯一の」→ フランス語経由 → 英語 unique「唯一の」;union=ラテン語 ūnio「一つにすること」→ 英語 union「結合・連合」;only=古英語 ān「一」+ -lic「〜のような」→ ānlic → 英語 only「唯一の」;alone=中英語 all one「まったく一人」→ 英語 alone「ひとりで」
reg,印欧祖語 *reg- は「まっすぐに導く・支配する」。ラテン語 regere「導く」、rēx「王」を生み、「正しさ(right)」「規則(rule)」「王権(regal)」がすべて一本の線で結ばれる。まっすぐな線こそ支配と正義の原像だった。,right=印欧祖語 *reg- → 古英語 riht「まっすぐな・正しい」→ 英語 right「正しい・右」;rule=ラテン語 regula「まっすぐな棒・定規」→ 古フランス語 riule → 英語 rule「規則・支配」;regal=ラテン語 rēx「王」→ rēgālis「王の」→ 英語 regal「王者の」;direct=ラテン語 dis-+regere → dīrectus「まっすぐにされた」→ 英語 direct「直接の・導く」;rich=ケルト語 rīx「王」→ ゲルマン語 *rīkijaz「力ある」→ 古英語 rīce → 英語 rich「豊かな」
weid,印欧祖語 *weid- は「見る」、転じて「知る」。「見ることは知ること」という認識論が、ギリシャ語 idea、ラテン語 vidēre、古英語 wīs(→wise)に刻まれている。知恵・映像・歴史までを貫く、知の語根である。,wise=印欧祖語 *weid- → 古英語 wīs「知っている」→ 英語 wise「賢い」;idea=ギリシャ語 idein「見る」→ idea「見られたもの・形」→ 英語 idea「考え」;video=ラテン語 vidēre「見る」→ videō「私は見る」→ 英語 video「映像」;wizard=中英語 wys「賢い」+ -ard → 英語 wizard「魔法使い(賢者)」;history=ギリシャ語 histōr「見て知った者」→ historia「探究・物語」→ 英語 history「歴史」
ye,印欧祖語 *ye- は「投げる」。ラテン語 iacere「投げる」を核に、jet(噴出)、project(前へ投げる=計画)、inject(中へ投げる=注入)など、接頭辞との組み合わせで英語の抽象語彙を量産した働き者の語根である。,jet=ラテン語 iacere「投げる」→ フランス語 jeter「投げる」→ 英語 jet「噴出・ジェット」;project=ラテン語 prō「前へ」+ iacere → prōiectum「前へ投げられたもの」→ 英語 project「計画・投影」;inject=ラテン語 in「中へ」+ iacere → 英語 inject「注入する」;object=ラテン語 ob「向かって」+ iacere → 英語 object「物体・反対する」;subject=ラテン語 sub「下へ」+ iacere → 英語 subject「主題・従属する」
do,印欧祖語 *dō- / *do- は「与える」。ラテン語 dare「与える」、donum「贈り物」、ギリシャ語 dōron「贈り物」、サンスクリット語 dāna「布施」へ連なり、英語では donor・donation・data・date・antidote・mandate・Pandora など、差し出す/授ける/与えられたものの語群を生んだ。,donor=ラテン語 donum「贈り物」→ donare「贈る」→ 英語 donor「提供者」;donation=ラテン語 donare「贈る」→ 英語 donation「寄付」;data=ラテン語 dare「与える」の過去分詞 data「与えられたもの」→ 英語 data「データ」;date=ラテン語 data「与えられた(日)」→ 文書に与えられた日付 → 英語 date「日付」;antidote=ギリシャ語 anti「対して」+ didonai「与える」→ antidoton「対抗して与える薬」→ 英語 antidote「解毒剤」;Pandora=ギリシャ語 pan「すべて」+ dōron「贈り物」→ Pandora「すべての贈り物を持つ者」;pardon=古フランス語 par「完全に」+ doner「与える」→ 英語 pardon「許し・許す」
