id,name,en,cat,icon,hunger,hp,passive,luck_bonus,speed_bonus,placeable,playable,unlocks_area,tags,rarity,def,desc,alt
cabbage,キャベツ,Cabbage,food,word/cabbage.png,15,,,,,,,,たべもの|なげる,2,キャベツ,昔のフランスの人もキャベツを見て「頭じゃん」と思った。その第一印象がそのまま英単語として現存。,
cap,キャップ,Cap,support,word/cap.png,,,,2,,,,,かぶる,3,帽子、ふた,「頭」そのものではなく「頭にのせるもの」へ横すべり。ボトルの cap(ふた)も“びんの頭”。,
capital,キャピタル,Capital,support,word/capital.png,,,,,,1,,,ひきいる,7,首都、資本,首都・資本・大文字。バラバラに見える意味が「いちばん頭にくるもの」で片づく気持ちよさ。,
kappa,カッパ,Kappa,support,word/kappa.png,,,雨を覆う,2,,1,,,かぶる|みず,10,合羽、雨合羽,ポルトガル語 capa「覆い」が南蛮貿易で日本へ。雨から体を覆うカード。,
captain,キャプテン,Captain,support,word/captain.png,,,指揮する頭,3,,,,,ひきいる,4,船長、キャプテン、主将,集団の「頭」に立つ人。船長も主将も、その場の head。,
chef,シェフ,Chef,support,word/chef.png,,,厨房の頭,3,,,,,たべもの|ひきいる,4,料理長、シェフ,caput が古フランス語で chief(長)になり、さらに縮んで chef。キッチンの頭領。,
chief,チーフ,Chief,support,word/chief.png,,,中心でまとめる,3,,,,,ひきいる|かぶる,4,長・主要な,古フランス語 chief(頭)。チームや集団の中心に立つ「頭」。,
fable,フェイブル,Fable,fun,word/fable.png,,10,,,,,,,はなし,3,寓話,イソップ物語の「物語」。文字より先に、ことばは“話されるもの”だった。,
vivid,ビビッド,Vivid,food,word/vivid.png,20,,,,,,,,たべもの|ひかり,2,鮮やかな,vivid な夢=「生きてる」みたいにリアルな夢。色が“生きてる”から鮮やか。,
unique,ユニーク,Unique,support,word/unique.png,,,,4,,,,,ひとつ|ふしぎ,6,唯一の,「ユニークな人」は本来「唯一の人」。世界にひとつだけの結晶。,
idea,アイデア,Idea,support,word/idea.png,,,,3,,,,,しる,5,考え、アイデア,ギリシャ語で「見えたもの」。ひらめきが“見える”のは人類共通の体験らしい。,
jet,ジェット,Jet,support,word/jet.png,,,,,0.3,,,,とぶ|はやい,7,噴出、ジェット機,フランス語 jeter(投げる)から。ジェット機は“空に投げられた乗り物”。,
merlin,マーリン,Merlin,story,word/merlin.png,,,,,,,,avalon,ふしぎ|でんせつ|みず,9,魔法使いマーリン,ケルトの地名「海の丘」がマーリンの名のもと。アーサー王を導いた伝説の魔法使い。,
excalibur,エクスカリバー,Excalibur,support,word/excalibur.png,,,,,,,,,きる|ちから|でんせつ,10,聖剣エクスカリバー,アーサー王の聖剣。名はウェールズ語 Caledfwlch「硬い切っ先」に由来するとも。王が最期に眠る地がリンゴの島アヴァロン。,
grail,聖杯,Grail,support,word/grail.png,,,,,,,,,いやし|でんせつ,10,聖杯,アーサー王伝説に登場する聖なる杯。遠征クリア時に選べる伝説の報酬。,
apple,リンゴ,Apple,food,word/apple.png,20,,,,,,,,たべもの|なげる,1,リンゴ,古英語 aeppel は「リンゴ」だけでなく果実一般も指した。箱庭で使う基本アイテム。,
smartphone,スマートフォン,Smartphone,fun,word/smartphone.png,,16,,,,,1,,はなし|ひかり|しる,6,スマートフォン,phone は「声」。スマホを一皮むくと、5000年前の“声”の祖先が入っている。,
animation,アニメーション,Animation,fun,word/animation.png,,22,,,,,,,いき|いのち|いやし,5,アニメーション,アニメとは「絵が呼吸を始めること」。語源が職業説明として完璧すぎる一語。,
animal,アニマル,Animal,fun,word/animal.png,,8,,,,,,,いのち,2,動物,「息をしている=生きている」。古代人による動物の定義、シンプルで強い。,
rule,ルール,Rule,support,word/rule.png,,,移動力+15%,,0.15,,,,ただす,2,規則、支配する,定規(ruler)とルールが同じ単語。線を引く者が世界を支配する。,
wizard,ウィザード,Wizard,support,word/wizard.png,,,探索運+5,5,,,,,しる|ふしぎ,5,魔法使い,wise+-ard(〜な人)。知恵が振り切れると魔法になる。,
submarine,サブマリン,Submarine,support,word/submarine.png,,,海の移動+20%,,0.2,,,,みず,6,潜水艦,sub(下)+marine(海)。海の下をゆく船。海へ遠征する時に移動力アップ。,
aquamarine,アクアマリン,Aquamarine,support,word/aquamarine.png,,,チャージ力アップ,,,,,,ひかり|みず,7,藍玉(海色の宝石),aqua(水)+marine(海)。海の水色の宝石。バトル時のチャージ力アップ。,
marine,マリン,Marine,story,word/marine.png,,,,,,,,,みず,6,海の,ラテン語 mare(海)から。「海の」のマリン。submarine も aquamarine も、この海のなかま。,
monster,モンスター,Monster,support,word/monster.png,,,神の警告,,,,,,ふしぎ|ちから,8,怪物,monere(警告する)から。“神の警告”として現れるもの。戦いで真価を発揮する。,
inject,インジェクト,Inject,med,word/inject.png,,20,,,,,,,なげる|いやし,5,注入する,注射は“体の中への投球”。in(中へ)+ject(投げる)。reject も eject も同じ投げ技一族。,
donor,ドナー,Donor,support,word/donor.png,,,探索運+4,4,,,,,おくる,3,提供者、寄付者,donor は『与える人』。血液ドナーも寄付者も、語源では同じ“差し出す人”。,
donation,ドネーション,Donation,support,word/donation.png,,12,支援物資,2,,,,,おくる,4,寄付、寄贈,donation は『与えること』。箱庭では支援物資のカード。,
data,データ,Data,fun,word/data.png,,,探索記録,3,,1,,,しる,2,データ、資料,data は本来『与えられたもの』。世界から受け取った情報。,
date,デート,Date,support,word/date.png,,,遠征時間を読む,,0.08,,,,おくる,2,日付、年月日,date は文書に“与えられた日”。予定を刻むカード。,
antidote,アンチドート,Antidote,med,word/antidote.png,,28,解毒剤,,,,,,いやし,6,解毒剤、対抗策,毒に対して与える薬。anti + dote。,
mandate,マンデート,Mandate,support,word/mandate.png,,,指揮力+,1,0.05,,,,ひきいる|ただす,5,命令、委任,手に与えて任せること。命令や委任のカード。,
pandora,パンドラ,Pandora,story,word/pandora.png,,,開けるか、開けないか,,,1,1,,ふしぎ|おくる,8,パンドラ,pan(すべて)+dor(贈り物)。美しい箱だが、開けるかどうかは別問題。,
danna,旦那,Danna,support,word/danna.png,,,お布施の支援,5,,1,,,おくる,7,旦那、檀那,サンスクリット語 dāna『施し・布施』から。もとは支援者を指した。,
pardon,パードン,Pardon,support,word/pardon.png,,,許しのカード,2,,,,,おくる|ゆるす,4,許し、許す,par(完全に)+doner(与える)。許しを与えるカード。,
pond,いけ,Pond,support,word/pond.png,,,,,,1,,,みず,5,池,pound(家畜を囲うさく)と同源。『囲われた水たまり』が池になった。箱庭に置くと つりができる。,🏞️
library,としょかん,Library,support,word/library.png,,,,,,1,,,しる|はなし,6,図書館,ラテン語 liber(本)が語源。liberの元の意味は『木の皮』。むかしは樹皮に文字を書いた。箱庭に置くと 本がよめる。,📚
cattle,キャトル,Cattle,food,word/cattle.png,25,,,,,,,,たべもの,3,牛、家畜,もとは「財産」全般を指した語。牛だけを指すようになるのは16世紀末。頭数で数えたから *kaput-(頭)の子。,
bacalao,バカラオ,Bacalao,food,word/bacalao.png,18,,,,,,,,たべもの,6,たら、干し鱈,大西洋を渡った保存食。船乗りの遠征を支えた干し鱈。,
precipitation,プレシピテーション,Precipitation,support,word/precipitation.png,,,雨をよぶ,,,,,,みず,6,降水,原義は「頭から真っ逆さま」。まっさかさまに落ちてくるものが、そのまま「降水」になった。,
kerchief,カチーフ,Kerchief,support,word/kerchief.png,,,頭を覆う,2,,,,,かぶる,4,頭巾、首巻き,couvre(覆う)+chief(頭)。頭を覆う布。カバーとチーフが一枚の布の中で出会っている。,
chieftain,チーフテン,Chieftain,support,word/chieftain.png,,,一族をひきいる,3,,,,,ひきいる,5,首領、族長,captain と同じラテン語 capitaneus の別の姿。綴りが二手に分かれただけの双子。,
corporal,コーポラル,Corporal,support,word/corporal.png,,,隊をまとめる,2,,,,,ひきいる,5,伍長,「肉体の」corporal とは別語。イタリア語 capo「頭」から来た、隊の小さな頭。,
cadet,カデット,Cadet,support,word/cadet.png,,,小さな頭,2,,,,,ひきいる,4,士官候補生,中世ラテン語で「小さな頭」。長男が家の頭、次男は小さな頭、という言い方から。,
heading,ヘディング,Heading,support,word/heading.png,,,進路を読む,,0.05,,,,しる|ただす,3,見出し、進路,1300年ごろの意味は「首を切ること」。見出しの意は1849年から。船の「進路」も heading。,
chapter,チャプター,Chapter,support,word/chapter.png,,,章をたどる,,,,,,しる|はなし,3,章、支部,ラテン語で「小さな頭」。本の頭出しの見出しが、そのまま章になった。,
recapitulate,リキャピチュレート,Recapitulate,support,word/recapitulate.png,,,要点をなぞる,2,,,,,しる|はなし,6,要約する,章(頭)をもう一度たどること。長い話を頭だけ拾って組み直す。,
headline,ヘッドライン,Headline,support,word/headline.png,,,大見出しで報せる,,,,,,はなし|ひかり,4,大見出し,もとは印刷用語で、ページ上端の題と番号の行。新聞の見出しは1890年から。,
headphone,ヘッドホン,Headphone,fun,word/headphone.png,,14,,,,1,1,,はなし,5,ヘッドホン,head(頭)+phone(声)。頭にのせる声。箱庭に置くと 音楽がきける。,
capo,カポ,Capo,fun,word/capo.png,,10,弦の頭をおさえる,,,1,,,はなし,6,カポ(楽器の器具),イタリア語 capo「頭」。弦の頭を押さえて、音の高さを一段上げる金具。,
biceps,バイセップス,Biceps,support,word/biceps.png,,,二つの頭の力,,,,,,ちから,4,二頭筋,ラテン語で「二つの頭」。-s があっても単数で、bicep という語は無い。,
triceps,トライセップス,Triceps,support,word/triceps.png,,,三つの頭の力,,,,,,ちから,5,三頭筋,ラテン語で「三つの頭」。筋肉の起点が三つあることから付いた名。,
hammerhead,ハンマーヘッド,Hammerhead,support,word/hammerhead.png,,,頭で打ちくだく,,,,,,ちから|なげる,6,ハンマーの頭、シュモクザメ,打つための頭。金槌の頭でもあり、頭が横に張り出したサメの名でもある。,
caddie,キャディ,Caddie,support,word/caddie.png,,,荷をはこぶ,2,0.05,,,,おくる,4,キャディ、荷運び,フランス語 cadet(次男)が縮んだ語。使い走りから、ゴルフの荷運びへ。,
cabochon,カボション,Cabochon,support,word/cabochon.png,,,光る石をさしだす,4,,,,,ひかり|おくる,7,カボション(丸磨きの宝石),古北フランス語 caboche「頭」から。角を立てず、頭のように丸く磨いた石。,
capitulum,キャピチュラム,Capitulum,support,word/capitulum.png,,,小さな頭が集まって咲く,,,1,,,いのち,7,頭状花序,たくさんの小さな花が集まって、一つの頭に見える形。ひまわりもタンポポもこれ。,
ahead,アヘッド,Ahead,support,word/ahead.png,,,前へ,,0.08,,,,ただす|しる,3,前方に,中身は「頭の側に」。もとは船の用語で astern(船尾側)の反対だった。,
precipitate,プレシピテート,Precipitate,support,word/precipitate.png,,,一気に進める,,0.12,,,,はやい,6,早める、まっさかさまに落とす,もとは「頭から真っ逆さまに落とす」。急に事を起こす意は1620年代から。,
headquarters,ヘッドクォーターズ,Headquarters,support,word/headquarters.png,,,拠点をかまえる,2,,1,,,,6,本部、司令部,単数の a headquarter は存在しない。原義は「司令官の住まい」。箱庭に置くと 拠点になる。,
capitol,キャピトル,Capitol,support,word/capitol.png,,,丘の上の議事堂,,,1,,,,8,議事堂,古代ローマの神殿の名。共和政のローマを重ねて、議事堂の名になった。,
achieve,アチーブ,Achieve,support,word/achieve.png,,,頭に届く,3,,,,,,4,達成する,原義は「頭に届く」。ラテン語 caput から、やり遂げるの意になった。,
mischief,ミスチーフ,Mischief,fun,word/mischief.png,,8,,,,,,,,3,いたずら,mis-(悪く)+chief(頭)。もとは「災難、悪事」で、いたずら程度に軽くなったのは1784年ごろ。,
