root,w,via,jp,r,note,p
kaput,head,G,頭、首長,128,川の源も、コインの表も、ビールの泡も head。「いちばん上」から。,kaput-
kaput,chapter,L,章、支部,252,ラテン語で「小さな頭」。本の頭出しの見出しが、そのまま章になった。,kaput-
kaput,capital,L,首都、資本、大文字,324,首都も資本も大文字も、原義は「頭の」。ラテン語 caput から。,kaput-
kaput,achieve,L,達成する,376,原義は「頭に届く」。ラテン語 caput「頭」から、やり遂げるの意に。,ad-+kaput-
kaput,ahead,G,前方に,391,中身は「頭の側に」。もとは船の用語で astern の反対だった。,an-+kaput-
kaput,chief,L,長,424,フランス語では chef になった同じ語。原義はラテン語の「頭」。,kaput-
kaput,forehead,G,額,499,中身はそのまま「前の頭」。古英語の形が今も残っている。,per1+kaput-
kaput,heading,G,見出し、進路,506,1300年ごろの意味は「首を切ること」。見出しの意は1849年から。,kaput-
kaput,captain,L,船長、主将,513,船長も機長も主将も、みんなラテン語の「頭」から。,kaput-
kaput,achievement,L,達成,531,まず「やり終えること」を指し、「成果そのもの」は1590年代から。,kaput-
kaput,cattle,L,牛,534,cattle はもと財産全般を指した。牛だけになるのは16世紀末。,kaput-
kaput,cap,G,帽子,543,元はマントの意。さらに古くは女性の頭巾を指した語だった。,kaput-
kaput,capitalism,L,資本主義,549,制度を指す用法は1872年から。もとは社会主義者が投げつけた悪口。,kaput-
kaput,headquarters,L,本部,608,単数の a headquarter は存在しない。原義は「司令官の住まい」。,kaput-+kʷetwer-
kaput,precipitation,L,降水,637,原義は「頭から真っ逆さま」。雨が降る意はあとから加わった。,per1+kaput-
kaput,chiefly,L,主に,648,語根は「頭」。頭に立つ chief が、副詞になって「主に」。,kaput-
kaput,kappa,L,合羽、雨合羽,650,合羽（かっぱ）は、ポルトガル語で「覆い」を意味する capa が南蛮貿易を経て日本に上陸した語。cap / cape と同じ「覆うもの」の感覚をもつ。,
kaput,per capita,L,1人当たり,678,ラテン語で「頭ごとに」。人数を頭の数で数えた言い方。,per1+kaput-
kaput,chef,L,シェフ,710,厨房の「頭」。chief と綴りが分かれただけの同じ語。,kaput-
kaput,mischief,L,いたずら,719,もとは「災難、悪事」。いたずら程度に軽くなったのは1784年ごろ。,mei-1+kaput-
kaput,Capitol,L,議事堂,741,古代ローマの神殿の名。共和政のローマを重ねて建物に付けた。,kaput-
kaput,cabbage,L,キャベツ,754,葉が巻いてできた「小さな頭」。野菜の名前に頭が残っている。,kaput-
kaput,headline,G,大見出し,759,もとは印刷用語で、ページ上端の題と番号の行のこと。新聞の見出しは1890年から。,kaput-+lī̆no-
kaput,precipitate,L,早める,766,もとは「頭から真っ逆さまに落とす」。急に事を起こす意は1620年代から。,per1+kaput-
kaput,header,G,ヘディング,784,15世紀には「首切り役人」の意味だった。サッカーのヘディングは1906年から。,kaput-
kaput,cape,L,岬,812,昔の船乗りは、岬に見まちがえる低い雲を「逃げる岬」と呼んだ。,kaput-
kaput,biceps,L,二頭筋,814,原義は「二つの頭」。-s があっても単数で、bicep という語は無い。,dwo-+kaput-
kaput,occipital,L,後頭部の,834,ラテン語 ob(後ろ)+ caput(頭)。そのまま「後頭部の」。,kaput-+epi
kaput,headlong,G,まっ逆さまに,855,元は headling。sidelong などに引かれて -long に変わった。,kaput-
kaput,precipice,L,絶壁,871,ラテン語で「頭から落ちる」。まっさかさまの落下が崖そのものになった。,per1+kaput-
kaput,redhead,G,髪の毛が赤い人,890,昔はカインもユダも赤ひげだったと言われていた。,reudh-+kaput-
kaput,capricious,L,気紛れな,892,中身は「頭」+「毛が逆立つ」。イタリア語 capriccio から。,kaput-+ghers-
kaput,chattel,L,動産,915,cattle と同じラテン語 capitale「財産」から出た双子。,kaput-
kaput,corporal,L,伍長,917,「肉体の」corporal とは別語。イタリア語 capo「頭」で隊の長。,kaput-
kaput,chieftain,L,首領,921,語源は「頭の人」。captain と同じラテン語 capitaneus の別の姿。,kaput-
kaput,precipitous,L,急な,928,語源は「頭から落ちる」。崖の意味は19世紀から、それまでは「大慌て」だった。,per1+kaput-
kaput,cadet,L,士官学校生,939,中世ラテン語で「小さな頭」。長男が家の頭、次男は小さな頭。,kaput-
kaput,capitulation,L,降伏,959,中身は「小さな頭」で、条項のこと。条件を決めることが「降伏」に。,kaput-
kaput,caprice,L,気紛れ,966,原義は「身震い」。ハリネズミのように髪が逆立つ様子からとも。,kaput-+ghers-
kaput,triceps,L,三頭筋,967,ラテン語で「三つの頭」。筋肉の起点が三つあることから付いた名。,trei-+kaput-
kaput,headstrong,G,わがままな,983,「頭が強い」がそのまま。逆さの strongheaded という語も昔あった。,kaput-+strenk-
kaput,recapitulate,L,要約する,1006,ラテン語で「もう一度、頭から」。章立ての「頭」を並べ直すことを指す。,re-+kaput-
kaput,kerchief,L,カチーフ,1016,服飾の言葉。古フランス語 covrechief(頭を覆うもの)から。cover と chief(頭)からなり、handkerchief の後半である。,kom+epi+wer-5+kaput-
kaput,recapitulation,L,要約,1019,ラテン語 re-(再び)+ caput(頭)から。要点をもう一度並べることで、capital や chief と同じ「頭」の語である。,kaput-+re-
kaput,cad,L,卑劣な男,1051,caddie の短縮形。もとはただの雑用係を指す語だった。,kaput-
kaput,capitulate,L,降伏する,1068,ラテン語の「章立てにする」。降伏の条件を条文に書き分けることが、降伏そのものになった。,kaput-
kaput,occiput,L,後頭部,1068,ラテン語で「頭の後ろ」。capital と同じ「頭」の語である。,epi+kaput-
kaput,decapitation,L,斬首,1080,ラテン語で「頭を離す」。capital と同じ「頭」の語である。,kaput-+de-
kaput,headquarter,L,本部を置く,1122,head と quarter の合成。quarter は「四分の一」が元。,kaput-+kʷetwer-
kaput,capitation,L,均等割,1134,ラテン語 caput(頭)から。頭数で割ることである。,kaput-
kaput,capsize,L,転覆する,1140,スペイン語の「頭から沈める」。capital と同じ「頭」の語。,kaput-
kaput,headphone,Gr,ヘッドホン,1149,head と phone の合成。phone は「声」が元である。,kaput-+bhā-2
kaput,capitate,L,頭状の,1157,ラテン語 caput(頭)から。capital と同じ「頭」の語である。,kaput-
kaput,capo,L,カポ,1166,イタリア語で「指板の頭」。弦を押さえる位置を丸ごとずらす道具である。,kaput-
kaput,behead,G,首を切り取る,1170,古英語 beheafdian「頭を取り去る」。be- は「取り去る」意で、head そのままの語。,ambhi+kaput-
kaput,decapitate,L,首を切りおとす,1199,ラテン語で「頭を落とす」。caput(頭)から、captain と同じ語である。,de-+kaput-
kaput,hammerhead,G,ハンマーの頭,1206,hammer(かなづち)と head から。頭が金づちの形をしたサメ。,ak-+kaput-
kaput,caddie,L,キャディ,1226,ゴルフの言葉。フランス語 cadet(次男)がスコットランドでなまった語。もとは使い走りの若者を指した。,kaput-
kaput,capitellum,L,上腕骨小頭,1228,ラテン語 caput(頭)の小さい形。骨の先の小さな頭を指す。,kaput-
kaput,capitulum,L,頭状花序,1268,ラテン語 caput(頭)の小さい形。chapter と同じ語である。,kaput-
kaput,kaput,G,だめになった,1288,ドイツ語 kaputt(だめになった)から。トランプの負けを表す語からとされる。,kaput-
kaput,hetman,G,首長,1297,ポーランド語 hetman から。ドイツ語 Hauptmann(頭領)にさかのぼる。,kaput-+man-1
kaput,caudillo,L,軍事指導者,1306,スペイン語で「頭に立つ者」。caput(頭)から、captain と同じ語。,kaput-
kaput,cabochon,L,カボション,1336,フランス語で「小さな頭」。ラテン語 caput(頭)から、cabbage と同じ語。,kaput-
kaput,dunderhead,G,のろま,1398,オランダ語 donder(雷)と head から。thunder と同じ語で、「頭に雷が落ちたような」の意である。,(s)tenə-+kaput-
kaput,chapiter,L,柱頭,1401,ラテン語 capitulum(小さな頭)から。chapter や capital と同じ「頭」の語である。,kaput-
kaput,bacalao,L,たら,1460,ラテン語系の「頭」から出たとされる。干し鱈を指すスペイン・ポルトガル語である。,kaput-
kaput,cap-a-pie,L,頭から爪先まで,1508,フランス語で「頭から足へ」。全身くまなく、という言い方である。,ped-+kaput-
kaput,sinciput,L,前頭部,1551,ラテン語 semi-(半分)と caput(頭)から。head や chapter と同じ「頭」の語である。,kaput-
ane,animal,L,動物,372,原義は「息をするもの」。1600年ごろまでは beast が普通の語だった。,anə-
ane,animated,L,生き生きした,684,原義は「息を吹き込まれた」。動く絵を指すのは1890年から。,anə-
ane,animation,L,動画,718,もとは「命を吹き込むこと」。動画の意味になったのは1912年。,anə-+-ti-
ane,unanimous,L,満場一致の,792,直訳は「心が一つ」。その「心」は元をたどれば「息」を表す語。,oi-no-+anə-
ane,inanimate,L,生命のない,820,17世紀には「命を吹き込む」という逆の意味の動詞もあった。,ne+anə-
ane,animate,L,生命を吹き込む,822,原義は「息を吹き込む」。動く絵を作る意味は1888年から。,anə-
ane,animosity,L,敵意,835,15世紀は「勇気」の意味だった。1600年ごろ「敵意」に変わった。,anə-
ane,unanimity,L,一致,918,ラテン語 unanimus は「心がひとつ」。一つ+息(animus)の形。,oi-no-+anə-
ane,equanimity,L,沈着,924,ラテン語で「心が平ら」。もとは公平さの意で、平静を指すのは1610年代。,anə-
ane,anime,G,アニメ,933,英語のanimationが日本で縮まり、1980年代に英語へ逆輸入。,anə-
ane,Enid,Ce,イーニッド,935,人名。中世ウェールズ語で「魂」。もとは「息」の意だった。,anə-
ane,anima,L,アニマ・魂,947,ラテン語の「息」がそのまま「魂」。ユングが心の用語に採り入れた。,anə-
ane,magnanimous,L,度量の大きい,966,ラテン語で「大きな心」。器の大きさをそのまま言葉にした語。,meg-+anə-
ane,animus,L,敵意,969,ラテン語では「心、魂」。英語では敵意という悪い方向にだけ残った。,anə-
ane,magnanimity,L,雅量,981,ラテン語で「大きな心」。ギリシャ語の言い方をそのまま訳した語とされる。,meg-+anə-
ane,animalistic,L,動物的な,1013,ラテン語 animal(生き物)から。anima(息・魂)は animate や animosity と同じ「息」の語である。,anə-
ane,animism,L,霊魂信仰,1059,ラテン語 anima(息、魂)から。animal と同じ語である。,anə-
ane,anemone,Gr,アネモネ,1079,ギリシャ語で「風の娘」。風の吹くときだけ開くと信じられた。,anə-
ane,anemometer,Gr,風速計,1168,ギリシャ語 anemos(風)+ metron(はかり)から。anemone(アネモネ「風の花」)や meter と同じ語からなる。,anə-+mē-2
ane,animatronic,L,アニマトロニクスの,1208,animate(命を吹き込む)と electronic を合わせた造語。,anə-
ane,pusillanimous,L,気の弱い,1222,ラテン語で「小さな心」。気の小ささを、心の大きさで言い表した。,pau-+anə-
ane,animadversion,L,批評,1321,ラテン語で「心を向けること」。animal と advert の語から。,anə-+ad-+wer-3
ane,animalcule,L,微小動物,1408,ラテン語 animal の指小形。anima(息・魂)から、animate と同じ「息」の語である。,anə-
ane,animadvert,L,非難する,1456,ラテン語で「心を向ける」。注意を向けることが、批判する意味になった。,anə-+ad-+wer-3
ane,anemophily,Gr,風媒受粉,1542,ギリシャ語 anemos(風)と philia(愛)から。animate と同じ「息」の語である。,anə-+philos
ane,animato,L,元気な,1609,イタリア語 animato(生き生きした)から。ラテン語 anima(息)で、animal と同じ語である。,anə-
ane,longanimity,L,忍耐,1617,ラテン語 longus(長い)と animus(心)から。long と animal を合わせた語である。,del-1+anə-
ane,anemotaxis,Gr,気流走性,1747,ギリシャ語 anemos(風)と taxis(配列)から。animate と tactics と同じ語である。,anə-
ane,anemoscope,Gr,風向計,1879,ギリシャ語 anemos(風)+ skopein(見る)で「風を見るもの」。anemone(アネモネ。「風の花」)と同じ「風」の語である。,anə-+spek-
ane,anemology,Gr,風学,1882,ギリシャ語 anemos(風)+ -logia(学)から。anemone(アネモネ。「風の花」)と同じ「風」の語である。,anə-+leg-
ane,anemograph,Gr,自記風速計,1892,ギリシャ語 anemos(風)+ graphein(描く)で「風を書き記すもの」。anemone(アネモネ)と同じ「風」の語である。,anə-+gerbh-
bha,smartphone,Gr,スマートフォン,150,phone は「声」。スマホを一皮むくと、5000年前の“声”の祖先が入っている。,
bha,phone,Gr,電話,301,telephone の略。1878年の新聞にすでに登場している。,bhā-2
bha,professional,L,専門職の,354,もとは修道会の入会にかかわる語。スポーツのプロの意味は1846年から。,per1+bhā-2
bha,famous,L,有名な,427,ラテン語では「悪名高い」でもあった。有名と悪名は紙一重。,bhā-2
bha,fate,L,運命,491,原義は「神が口にしたこと」。語られた言葉が運命になる。,bhā-2
bha,blame,Gr,非難する,499,もとは「神を冒涜する」。それが人を責める意味に薄まった。,bhā-2+mel-5
bha,professor,L,教授,528,原義は「公言する人」。人前で自分の専門を宣言する者のこと。,per1+bhā-2
bha,profession,L,職業,533,profession はもと修道会に入る誓い。公に宣言することが原義。,per1+bhā-2
bha,infant,L,幼児,537,ラテン語の原義は「話せない者」。ことばを持たない時期が幼児。,ne+bhā-2
bha,telephone,Gr,電話,567,1828年に作られた、音階で言葉を送る仕組みの名が先だった。,kʷel-2+bhā-2
bha,fatal,L,致命的な,591,芯は「語られたこと」。神が告げた運命が、やがて「死をもたらす」に。,bhā-2
bha,prophet,Gr,予言者,604,ギリシャ語で「代わりに語る者」。神の言葉を伝える人だった。,per1+bhā-2
bha,abandon,L,捨てる,613,古フランス語の「思いのままに」から。支配権を手放す意。,ad-+bhā-2
bha,fame,L,名声,619,ラテン語では「うわさ」。悪評も fama で、良し悪しは問わなかった。,bhā-2
bha,confess,L,自白する,623,もとは迫害されても信仰を言い切ること。ラテン語の「認める」fateri から。,kom+bhā-2
bha,fairy,L,妖精,630,もとは妖精の「国」の名。住人を指すようになったのは後のこと。,bhā-2
bha,prophecy,L,予言,654,ギリシャ語では神の意志を読み解く力のこと。,per1+bhā-2
bha,ban,G,禁止,656,古英語では「呼び集める、布告する」。禁止の意味は14世紀末から。,bhā-2
bha,infantry,L,歩兵,672,もとは「若造」の集まり。infant と同源で、原義は「話せない者」。,ne+bhā-2
bha,prophetic,Gr,予言的な,692,預言者は「前もって語る人」。語根はずばり「話す」。,per1+bhā-2
bha,abandonment,L,放棄,712,語根は「宣言」。おおやけに宣言して手放すのが「放棄」。,ad-+bhā-2
bha,infancy,L,幼年時代,712,原義は「まだ話せない」。法律では昔、21歳未満までを指した。,ne+bhā-2
bha,bee,G,ミツバチ、共同作業の集まり,722,キルトや皮むきの共同作業も bee。1769年のアメリカから。,bhei-+bhā-2
bha,preface,L,序文,731,ラテン語で「前もって語ること」。もとはミサの祈りの名だった。,per1+bhā-2
bha,microphone,Gr,マイク,733,1680年代は補聴用のらっぱの名だった。今の意味は1924年から。,smīk-+bhā-2
bha,infamous,L,悪名高い,735,かつては「無名の」意の別語もあり、16世紀に悪評の意へ合流。,ne+bhā-2
bha,fabulous,L,すばらしい,756,もとは「神話めいた」の意。1950年代に「すごい」の意味に軽くなった。,bhā-2
bha,phonetic,Gr,音声の,833,ギリシャ語のもとの形は「口に出せる」。1803年生まれの新語。,bhā-2
bha,boon,G,恩恵,836,もとは「お願い」。頼む側の言葉が、もらう側の「恵み」に変わった。,bhā-2
bha,fateful,L,運命を決める,839,1710年代は「予言する力を持つ」意味。重大事の意になるのは1800年ごろ。,bhā-2
bha,profess,L,公言する,842,もとは修道会で誓いを立てること。「公言する」は16世紀から。,per1+bhā-2
bha,symphony,Gr,交響曲,848,1300年ごろは楽器の名前だった。手回しオルガンから太鼓まで。,ksun+bhā-2
bha,blasphemy,Gr,冒涜,849,ギリシャ語の「悪く言う」から。後半は「話す」だが前半は今も不明。,mel-5+bhā-2
bha,fable,L,寓話,853,字義は「語られたもの」。動物の話に絞られたのはイソップ人気から。,bhā-2
bha,anthem,Gr,讃美歌,862,もとは「交互に歌う応答」。-th- は語源上あるはずのない綴り。,ant-+bhā-2
bha,banish,G,追放する,869,ban と同じ語。布告で「出て行け」と宣する行為が原義。,bhā-2
bha,aphasia,Gr,失語症,870,語根は「語る」で fame と同源。医学語になったのは1867年。,ne+bhā-2
bha,infantile,L,幼児の,870,元をたどると「まだ話せない」。言葉を持たぬ時期の意。,ne+bhā-2
bha,prophesy,L,予言する,873,名詞の prophecy と綴りが分かれたのは18世紀のことだった。,per1+bhā-2
bha,defamation,L,名誉毀損,890,中身は「噂をまき散らす」。dis- が破滅の含みを添えている。,dwis-+bhā-2
bha,bandit,L,無法者,900,「公に追放を宣告された者」が原義。banish と同源。,bhā-2
bha,contraband,L,禁制の,900,「お触れに反する」が原義。禁止の ban と同じ語。,kom+bhā-2
bha,banal,L,平凡な,907,もとは領主の共同かまどを指す語。みんなが使う、から陳腐へ転じた。,bhā-2
bha,cacophony,Gr,不協和音,908,「悪い音」の意。その「悪い」の語根は、なんと「排便する」だった。,kakka-+bhā-2
bha,ineffable,L,言葉で言い表せない,920,複数形 ineffables は昔「ズボン」の冗談めいた婉曲語だった。,ne+eghs+bhā-2
bha,infamy,L,悪評,951,fameに否定のin-が付いた形。原義は「悪い評判」。,ne+bhā-2
bha,phoneme,Gr,音素,953,ギリシャ語の「発せられた音」から。1889年、音の最小単位の名に。,bhā-2
bha,blasphemous,Gr,冒涜的な,954,中身は「悪く+言う」。神聖なものを悪く言う、が原義。,mel-5+bhā-2
bha,affable,L,愛想のよい,958,中身は「話しかけやすい」。古英語では wordwynsum と訳された。,ad-+bhā-2
bha,euphemism,Gr,婉曲語法,965,もとは祭儀で不吉な語を口にしない習わしを指した。,(e)su-+bhā-2
bha,fatalism,L,運命論,1002,ラテン語 fatum(定め。もとは「語られたこと」)から。fable や fame と同じ「話す」語である。,bhā-2
bha,gramophone,Gr,蓄音機,1026,ギリシャ語 gramma(書かれたもの)+ phōnē(声)から。phonogram(音の記録)を入れ替えて作られた商標名である。,bhā-2
bha,phonics,Gr,フォニックス,1030,ギリシャ語 phōnē(声)から。phone や symphony と同じ「声」の語である。,bhā-2
bha,polyphonic,Gr,多音の,1030,ギリシャ語で「多くの声の」。symphony と同じ「声」の語が入っている。,pelə-1+bhā-2
bha,megaphone,Gr,メガホン,1039,ギリシャ語で「大きな声」。中身はそのままの作りである。,bhā-2+meg-
bha,fatalistic,L,運命決定的な,1040,ラテン語 fatum(定め。もとは「語られたこと」)から。fable や fame と同じ「話す」語である。,bhā-2
bha,telephony,Gr,電話通信,1042,ギリシャ語 tēle-(遠く)+ phōnē(声)から。telephone や symphony と同じ語からなる。,kʷel-2+bhā-2
bha,polyphony,Gr,多声音楽,1054,ギリシャ語で「多くの声」。full と同じ「満ちる」語をふくむ。,pelə-1+bhā-2
bha,prefatory,L,序文の,1075,preface(序文)から。中身は「前に言うこと」である。,per1+bhā-2
bha,blaspheme,Gr,冒涜する,1079,ギリシャ語で「悪く言う」。blame と同じ語である。,mel-5+bhā-2
bha,apophatic,Gr,否定神学的な,1115,ギリシャ語で「否定して言う」。否定を重ねる神学の方法。,bhā-2+apo-
bha,phatic,Gr,交話的な,1119,ギリシャ語の「話された」。中身より場をつなぐための発話。,bhā-2
bha,defame,L,中傷する,1127,ラテン語で「悪評を広める」。fame と同じ語である。,dwis-+bhā-2
bha,fatuous,L,愚かな,1127,ラテン語 fatuus(愚かな)から。infatuate と同じ語である。,bhā-2
bha,banns,G,婚約予告,1133,古英語の「布告」。ban(禁じる)と同じ「告げる」語である。,bhā-2
bha,headphone,Gr,ヘッドホン,1149,head と phone の合成。phone は「声」が元である。,kaput-+bhā-2
bha,phonic,Gr,音声の,1150,ギリシャ語 phone(声)から。fame と同じ「話す」語である。,bhā-2
bha,cacophonous,Gr,不協和音の,1182,ギリシャ語で「悪い音の」。caco-(悪い)と phone(声)から。,bhā-2+kakka-
bha,antiphon,Gr,応答頌歌,1195,ギリシャ語で「向かい合う声」。anti-(向かって)と phone(声)から。,ant-+bhā-2
bha,xylophone,Gr,木琴,1203,ギリシャ語で「木の声」。xylon(木)と phone(声)から。,bhā-2
bha,stereophonic,Gr,立体音響の,1234,ギリシャ語で「立体の音」。stereos(固い)と phone(音)から。,ster-1+bhā-2
bha,homophone,Gr,同音異義語,1237,ギリシャ語で「同じ音」。homo-(同じ)と phone(音)から。,bhā-2+sem-1
bha,fay,L,妖精,1240,ローマの運命の女神 Fata から。運命を「語る」者が妖精になった。,bhā-2
bha,mauvais,L,質の悪い,1245,「悪い運命を持つ」が縮まった語。悪さの中身が、もとは運の悪さだった。,bhā-2+mel-5
bha,monophonic,Gr,単旋律の,1265,ギリシャ語で「ひとつの音」。mono-(1つ)と phone(音)から。,men-4+bhā-2
bha,euphony,Gr,心地良い音,1266,ギリシャ語で「よい音」。eu-(良い)と phone(音)から。,(e)su-+bhā-2
bha,banlieue,L,郊外,1272,「布告(ban)の届く一里」。町の外で、その町の命令が及ぶ範囲を指した。,bhā-2
bha,fado,L,ポルトガル民謡,1297,ポルトガル語で「運命」。定めを歌う、あの憂いを帯びた民謡である。,bhā-2
bha,fabliau,L,韻文世話話,1309,古フランス語で「小さな話」。fable と同じ「語る」語である。,bhā-2
bha,fandango,L,スペインダンス,1309,スペイン語の舞曲の名。由来ははっきりしない語である。,bhā-2
bha,polyphemus,Gr,ポリュペモス,1322,神話の名。ギリシャ語で「多く語られる者」。poly-(多い)と pheme(言葉)から。,pelə-1+bhā-2
bha,aphonia,Gr,失声症,1355,ギリシャ語で「声がないこと」。否定の a- と phone(声)から。,bhā-2
bha,apophasis,Gr,陽否陰述法,1383,ギリシャ語で「言わずに言うこと」。apo-(離れて)と「語る」語から。,bhā-2
bha,pheme,Gr,語(言語単位),1399,ギリシャ語 pheme(発話)から。fame や fable と同じ「話す」語である。,bhā-2
bha,aphonic,Gr,無声の,1532,ギリシャ語 a-(なし)と phone(声)から。phone や symphony と同じ「声」の語である。,bhā-2+ne
bha,dysphemism,Gr,悪化表現,1536,ギリシャ語 dys-(悪い)と pheme(ことば)から。euphemism の反対で、fame と同じ語である。,bhā-2+dus-
bha,quadraphonic,Gr,四チャンネル方式の,1545,ラテン語 quattuor(4)とギリシャ語 phone(声)から。four と phone を合わせた語である。,bhā-2+kʷetwer-
bha,arrière-ban,L,王の召集令,1734,フランス語 arrière-ban(領主の召集令)から。もとはゲルマン語の「軍の触れ」で、ban と同じ語である。,koro-+bhā-2
bha,fantoccini,L,操り人形,1736,イタリア語 fantoccio(人形)の複数形。infante(子ども)は infant や fame と同じ語である。,bhā-2
bha,bifarious,L,二分された,1782,ラテン語 bifarius(二様の)から。bi-(二)+ fari(話す)で、fate や fable と同じ「話す」語である。,bhā-2
bha,nefandous,L,言語道断の,1789,ラテン語 nefandus(口にすべきでない)から。ne-(打ち消し)+ fari(話す)で、fable や infant(まだ話せぬ者)と同じ「話す」語である。,bhā-2+ne
bha,heterophemy,Gr,言い間違い,2042,ギリシャ語 heteros(別の)+ phēmē(発言)から。heterogeneous と fable と同じ語からなる。,bhā-2+sem-1
gwei,quickly,G,速く,291,quick の語根は「生きる」で、15世紀には「生き生きと」の意だった。,gwei-
gwei,quick,G,速い,394,古英語では「生きている」。生き生きしていることが「速い」に。,gwei-
gwei,biological,Gr,生物学の,442,体内時計を指す言い方は1955年から。意外に新しい言葉。,gwei-+leg-
gwei,survival,L,生存,453,「適者生存」は1864年スペンサーの語で、ダーウィン発ではない。,uper+gwei-
gwei,vital,L,生命の、不可欠な,472,「きわめて重要」の意は1610年代から。命に関わるほど、という含み。,gwei-
gwei,survive,L,生き残る,489,もとは相続の法律用語。「誰より長生きするか」を言う語だった。,uper+gwei-
gwei,vitamin,L,ビタミン,590,命 vita とアミンの合成語。アミンでないと判明し末尾の e が落ちた。,gwei-
gwei,biology,Gr,生物学,593,ドイツとフランスでほぼ同時に、別々に思いつかれた造語。,gwei-+leg-
gwei,viable,L,実行可能な,614,もとは「生きられる」。生まれたての赤ん坊が育つかを言う語だった。,gwei-
gwei,vivid,L,鮮やかな,641,原義は「生きている」。色について使うのは1660年代から。,gwei-
gwei,biodiversity,Gr,生物多様性,644,1988年ごろにできたばかりの、とても新しい言葉。,gwei-+dwis-+wer-3
gwei,biopsy,Gr,生検,663,字義は「生きたまま見る」。1895年、フランスの皮膚科医の造語。,gwei-
gwei,hygiene,Gr,衛生,672,直訳は「よく生きている」。健康の女神ヒュギエイアの名でもある。,aiw-+gwei-
gwei,biography,Gr,伝記,679,動詞形は biographize など何度も試されたが、どれも定着しなかった。,gwei-+gerbh-
gwei,revival,L,復活,681,1660年代には、久しく上演されない芝居の再演を指した。,re-+gwei-
gwei,Zoe,Gr,ゾーイ,691,人名。ギリシャ語で「いのち」そのもの。,gwei-
gwei,whiskey,Ce,ウイスキー,697,原義は「命の水」。ゲール語 uisge beatha を縮めた形。,wed-1+gwei-
gwei,biomedical,Gr,生物医学の,702,中身は「生きる」と「適切にはからう」。治すとは、程よく整えること。,gwei-+med-
gwei,vitality,L,元気,708,もとは「命があること」。生き生きした活気の意は1858年から。,gwei-
gwei,anaerobic,Gr,無酸素の,710,1863年、パスツールの造語。「空気なしで生きる」が語の中身。,gwei-+ne
gwei,aerobic,Gr,有酸素の,724,1863年にパスツールが細菌のために作った語。運動の意味は1968年から。,gwei-+wer-2
gwei,survivor,L,生存者,740,原義は「他より長く生きる人」。逆境に強い人の意は1971年から。,uper+gwei-
gwei,whisky,Ce,ウイスキー,754,ゲール語で「命の水」。usquebaugh が縮んでこの形になった。,wed-1+gwei-
gwei,autobiography,Gr,自伝,763,ギリシャ語 autos(自ら)+ bios(生命)+ graphein(書く)から。auto- と bio- と -graph からなる。,autos+gwei-+gerbh-
gwei,revive,L,回復させる,771,芝居の「再演」の意は1823年から。中身は「もう一度生きる」。,re-+gwei-
gwei,zoo,Gr,動物園,794,Zoological Gardens の頭3文字。当初は下品な略語と嫌われた。,gwei-
gwei,biotechnology,Gr,バイオテクノロジー,802,1947年の初出では、人間に合わせた機械の使い方を指した。,gwei-+teks-+leg-
gwei,quiver,G,震える,814,震える quiver と矢筒の quiver は別語。綴りが同じだけの他人。,gwei-
gwei,biotic,Gr,生命の,821,ギリシャ語 bios(生命)から。biology や antibiotic と同じ「生きる」語である。,gwei-
gwei,biologic,Gr,生物学の,877,bio「生きる」＋logy「語ること」。logy の語根はもと「集める」。,gwei-+leg-
gwei,symbiosis,Gr,共生,881,ギリシャ語で「一緒に暮らすこと」。1876年に生物学の用語になった。,ksun+g^wei-+gwei-
gwei,biochemistry,Gr,生化学,893,ギリシャ語 bios(生命)+ chemistry から。bio- は quick(もとは「生きた」)と同じ語に連なる。,gwei-+gheu-
gwei,vitally,L,極めて重大に,897,語根は「生きる」。意外にも quick が同じ一族。,gwei-
gwei,microbe,Gr,微生物,899,造りが雑で、ギリシャ語として読むと「短命な者」になる。,smīk-+gwei-
gwei,microbiology,Gr,微生物学,917,1880年生まれの若い語。-logy の語根はもとは「集める」。,smīk-+gwei-+leg-
gwei,zodiac,Gr,黄道帯,923,ギリシャ語で「小さな動物の輪」。天秤座だけは動物ではない。,gwei-
gwei,vita,L,略歴,929,ラテン語で「命」。履歴書を指すようになったのは1949年ごろから。,gwei-
gwei,amphibious,Gr,水陸両生の,936,ギリシャ語で「二重の生をもつ」。水陸両用車にも1915年から。,ambhi+gwei-
gwei,quicken,G,速める・活気づける,944,もとは「生き返らせる」。「速める」の意味は17世紀から。,gwei-
gwei,biota,Gr,生物相,973,1901年に作られた新しい語。ある土地の生きもの全部をひとまとめに。,gwei-
gwei,viper,L,毒ヘビ,976,卵を体内でかえすことから「生きたまま産む」と呼ばれたヘビ。,gwei-+perə-1
gwei,Mesozoic,Gr,中生代の,979,「中ほどの生命」の意で1840年の造語。それ以前は「二次代」と呼ばれた。,gwei-+medhyo-
gwei,vivacious,L,活気のある,993,もとは「生命力が強い、長生きな」。陽気の意は後から出た。,gwei-
gwei,convivial,L,宴会の,997,中身は「共に生きる」。ともに食卓を囲むことが宴会の原義。,kom+gwei-
gwei,zooplankton,Gr,動物プランクトン,1004,ギリシャ語 zōion(動物)+ planktos(漂うもの)から。zoo と plankton と同じ語からなる。,gwei-
gwei,amphibian,Gr,両生類の,1007,ギリシャ語で「両方の生を生きるもの」。水と陸の二つの暮らしを持つ生き物である。,ambhi+gwei-
gwei,victuals,L,飲食物,1008,ラテン語の「生きるための糧」から。綴りは残ったが、発音は「ヴィトルズ」に縮んだ。,gwei-
gwei,biome,Gr,生物群系,1012,ギリシャ語 bios(生命)+ -ome から。biology や quick(もとは「生きた」)と同じ「生きる」語である。,gwei-
gwei,diazepam,Gr,ジアゼパム,1014,「二つの窒素を持つ環」から作られた化学名。dwo(二)の語が頭に入っている。,dwo-+ne+gwei-+septm̥
gwei,quicksand,G,流砂,1018,quick(生きた・動く)+ sand(砂)から。quick はもとは「生きている」の意で、動く砂という名である。,gwei-
gwei,Protozoa,Gr,原生動物,1022,ギリシャ語で「最初の動物」。単細胞の生き物を、動物の始まりと見た分類名である。,per1+gwei-
gwei,zoology,Gr,動物学,1025,ギリシャ語で「生き物の学」。zoo(動物園)はこの語を縮めたものである。,gwei-+leg-
gwei,Cenozoic,Gr,新生代の,1026,ギリシャ語で「新しい生きもの」。哺乳類が広がった、いまに続く時代の名である。,ken-2+gwei-
gwei,zoological,Gr,動物学の,1027,「生き物の学の」。zoology と同じく、zoo(動物園)の元になった語である。,gwei-+leg-
gwei,viva,L,万歳,1053,イタリア語・スペイン語の「生きよ」。vivid と同じ語である。,gwei-
gwei,quicksilver,G,水銀,1063,「生きている銀」。転がって止まらない水銀を、生きていると見た。,gwei-
gwei,wyvern,L,ワイバン,1113,ラテン語 vipera(まむし)から。viper と同じ語である。,gwei-+perə-1
gwei,vivisection,L,生体解剖,1116,ラテン語の「生きた」と「切る」。vivid と同じ語をふくむ。,gwei-+sek-
gwei,Proterozoic,Gr,原生代,1117,ギリシャ語で「より前の生命」。地質時代の名である。,per1+gwei-
gwei,macrobiotic,Gr,マクロビオティックの,1146,ギリシャ語の「長い」と「生命」。長生きの法、という名。,gwei-
gwei,viviparous,L,胎生の,1158,ラテン語の「生きて産む」。vivid と同じ「生きる」語。,gwei-+perə-1
gwei,Phanerozoic,Gr,顕生代,1185,ギリシャ語で「見える生き物の時代」。化石の見つかる地質時代を指す。,bhā-1+gwei-
gwei,azotemia,,窒素血症,1186,azote(窒素)と -emia(血)から。1894年ごろにできた語。,gwei-+ne
gwei,epizootic,Gr,動物流行病,1210,ギリシャ語で「動物のあいだに広がる」。epidemic の動物版である。,gwei-+epi
gwei,bioturbation,L,バイオターベーション,1227,bio-(生き物)と turbation(かき乱すこと)から。turbulence と同じ語。,gwei-+(s)twer-1
gwei,diazo,Gr,ジアゾ基を持つ,1229,di-(2つ)と azo(窒素)から。窒素が二つ並んだ基を指す。,dwo-+gwei-
gwei,victual,L,飲食物,1243,ラテン語 victus(暮らし、食べ物)から。vital と同じ「生きる」語である。,gwei-
gwei,vivify,L,生気を与える,1280,ラテン語で「生かす」。vivid や vital と同じ「生きる」語である。,dhē-+gwei-
gwei,rhizobium,Gr,根粒菌,1292,ギリシャ語 rhiza(根)と bios(いのち)から。根に住む菌。,wrād-+gwei-
gwei,zoic,Gr,動物の,1310,ギリシャ語 zoion(動物)から。zoo と同じ「生きる」語である。,gwei-
gwei,bionics,,生体工学,1313,bio-(いのち)と electronics を合わせた造語。,gwei-
gwei,vivace,L,ビバーチェ,1319,イタリア語で「生き生きと」。vivid や vital と同じ「生きる」語である。,gwei-
gwei,abiogenesis,L,自然発生(説),1338,ギリシャ語で「いのちなしに生じること」。bio と genesis の語から。,gwei-
gwei,vivarium,L,飼育場,1346,ラテン語で「生き物を飼う所」。vivid や vital と同じ語である。,gwei-
gwei,zoon,Gr,子虫,1365,ギリシャ語 zoion(生き物)から。zoo と同じ「生きる」語である。,gwei-
gwei,zoetrope,Gr,回転のぞき絵,1387,ギリシャ語で「いのちの回転」。zoe(いのち)と trope(回り)から。,gwei-+trep-2
gwei,aerobe,Gr,好気性生物,1401,ギリシャ語 aer(空気)と bios(命)から。air と同じ語で、bios は vivid や quick と同じ「生きる」語である。,wer-2+gwei-
gwei,couch grass,L,シバムギ,1447,quitch grass の変形。quitch は quick と同じ語で、たくましく生きる草の意である。,gwei-
gwei,viand,L,ご馳走,1467,ラテン語 vivenda(生きるためのもの)から。vivid や victual と同じ「生きる」語である。,gwei-
gwei,azoic,Gr,無生代の,1468,ギリシャ語 a-(なし)と zoe(命)から。zoo や quick と同じ「生きる」語である。,gwei-+ne
gwei,zoophilia,Gr,動物性愛,1477,ギリシャ語 zoon(生き物)と philia(愛)から。zoo は quick や vivid と同じ「生きる」語である。,gwei-
gwei,usquebaugh,L,ウイスキー,1482,ゲール語で「命の水」。これが縮まって whisky になった。,wed-1+gwei-
gwei,hylozoism,Gr,物活論,1529,ギリシャ語で「物質に生命が宿る説」。素材を意味する語と、生命の語からできている。,hūlē+gwei-
gwei,cenobite,Gr,修道士,1576,ギリシャ語 koinos(共通)と bios(命)から。common と vivid と同じ語である。,gwei-+kom
gwei,dendrobium,Gr,デンドロビウム,1579,ギリシャ語 dendron(木)と bios(命)から。rhododendron と vivid と同じ語である。,deru-+gwei-
gwei,weever,L,スズキ目魚類,1593,古フランス語 wivre(蛇)から。ラテン語 vipera(まむし)で、viper や viviparous と同じ語である。,gwei-+perə-1
gwei,epizoic,Gr,体外寄生の,1598,ギリシャ語 epi(上に)と zoon(生き物)から。zoo や quick と同じ「生きる」語である。,gwei-
gwei,saprobe,Gr,腐生菌,1613,ギリシャ語 sapros(腐った)と bios(命)から。sapro- と vivid と同じ語である。,gwei-
gwei,anabiosis,Gr,蘇生,1629,ギリシャ語 ana(再び)と biosis(生きること)から。bios は vivid や quick と同じ語である。,gwei-
gwei,protozoic,Gr,原生代の、原生動物の,1684,ギリシャ語 protos(最初の)と zoe(命)から。proto- と zoo を合わせた語である。,gwei-+per1
gwei,azoth,L,水銀,1697,アラビア語 al-zauq(水銀)から。錬金術の三原質のひとつをいう語である。,gwei-
gwei,sempervivum,L,センペルビブム,1699,ラテン語 semper(常に)と vivus(生きた)から。same と vivid を合わせた語である。,sem-1+per1+gwei-
gwei,zoophobia,Gr,動物恐怖症,1707,ギリシャ語 zoon(生き物)と phobos(恐れ)から。zoo と phobia を合わせた語である。,gwei-
gwei,zoolatry,L,動物崇拝,1748,ギリシャ語 zoon(生き物)と latreia(崇拝)から。zoo と idolatry と同じ語である。,gwei-
gwei,biostrome,Gr,層状生礁,1823,ギリシャ語 bios(生命)+ strōma(敷きもの)から。後半は street や structure と同じ「広げる」語である。,gwei-+sterə-
gwei,zooglea,Gr,塊状バクテリア,1974,ギリシャ語 zōion(生きもの)+ gloia(にかわ)から。後半は glue(にかわ)や clay と同じ「粘る」語である。,gwei-+glei-
gwei,epizoon,Gr,体外寄生動物,2038,ギリシャ語 epi-(上に)+ zōion(動物)から。zoo(動物園)や quick(もとは「生きた」)と同じ「生きる」語である。,gwei-+epi
gwei,quitch grass,G,シバムギ,2044,古英語 cwice(生き生きした)から。しぶとく生える雑草の名で、quick(もとは「生きた」)と同じ語である。,gwei-
oino,a,G,一つの,1,もとは one。an の n が子音の前で消えて a になった。,oi-no-
oino,an,G,一つの,1,a より古い、もとの形。古英語では「一つ」そのものだった。,oi-no-
oino,one,G,一つ,1,発音は本来「オーン」。only や alone に昔の音が残っている。,oi-no-
oino,only,G,唯一の,5,中身は one + like で「一つのような」。one の古い発音を今も残す。,oi-no-
oino,any,G,どんな〜でも,32,中身は one + y で「一つばかりの」。どんな一つでも、が出発点。,oi-no-
oino,another,G,別の,121,an + other が縮まった語。もとは「二つのうちの二つめ」。,oi-no-+al-1
oino,once,G,一度、かつて,191,one に副詞の -s がついた形。-ce の綴りは s の音を守るため。,oi-no-
oino,someone,G,だれか,237,もとは some one と二語だった。一語で書かれ出すのは19世紀半ば。,sem-1+oi-no-
oino,alone,G,ひとりで,263,all one(まったくひとり)の縮まった形。one の古い発音がここに残る。,al-5+oi-no-
oino,everyone,G,みんな,292,every は ever(いつも)+each(それぞれ)。それに one を足した語。,aiw-+līk-+oi-no-
oino,unit,L,単位、部隊,366,digit に似せて unity を作り変えた語。ユークリッド英訳で広まった。,oi-no-
oino,none,G,何ひとつない,381,ne(ない)+one(一つ)の合成。これが縮んで no になった。,ne+oi-no-
oino,unique,L,唯一の,385,原義は「ただ一つの」。「珍しい」の意味は19世紀の誤用から広まった。,oi-no-
oino,university,L,大学,434,原義はただの「団体」。「教師と学生の団体」を縮めた呼び名。,oi-no-
oino,anyway,G,とにかく,447,1830年代までは any way と、二語に分けて書かれていた。,oi-no-+wegh-
oino,universal,L,普遍的な,451,語源は「ひとつに向き直った」。全部が同じ方を向く姿。,oi-no-+wer-3
oino,universe,L,宇宙,470,unus(一つ)+vertere(向ける)で「ひとつに転じたもの」が原義。,oi-no-+wer-3
oino,anywhere,G,どこでも,475,14世紀末に any と where がくっついた新顔。古くは owhere。,oi-no-+kʷo-
oino,union,L,結合、組合,477,ラテン語 unio は「一粒の真珠」、そして「玉ねぎ」も指した。,oi-no-
oino,uniform,L,制服、一様な,482,「形が一つ」が原義。衣服を指すのは1748年、軍服から始まった。,oi-no-+merph-
oino,inch,L,インチ,495,もとはラテン語の「12分の1」。1フィートの12分の1だからこの名。,oi-no-
oino,unity,L,統一,509,もとは神学の語で、三位一体の「一つ」を指していた。,oi-no-
oino,nobody,G,だれも…ない、取るに足りない人,516,「取るに足りない人」の意は1580年代から。昔は二語で書いた。,ne+oi-no-
oino,eleven,G,11,563,語源は「ひとつ残る」。十を取り去ってなお一つ余る、の意。,oi-no-+leikʷ-
oino,lonely,G,孤独の,579,1600年ごろは「ひとりの」だけの意。寂しさを帯びたのは1811年から。,oi-no-
oino,onion,L,タマネギ,628,ラテン語の「一つ」から。ニンニクと違い、層が重なって一つだから。,oi-no-
oino,nonlinear,L,非線形の,637,line の語根は「亜麻の糸」。麻ひもが「線」になった。,ne+lī̆no-+oi-no-
oino,nonsense,G,無意味な言葉,642,20世紀半ばから、ばかげた意でない場合はnon-senseと書き分ける。,ne+sent-+oi-no-
oino,null,L,無効の,657,中身は「一つもない」。ne「ない」と unus「一」からできた語。,ne+oi-no-
oino,ounce,L,オンス,679,ラテン語 uncia「12分の1」から。同じ語が inch にもなった。,oi-no-
oino,universally,L,普遍的に,681,語根は「一つ」+「回す」。すべてを一つに向けたのが universe。,oi-no-+wer-3
oino,lone,G,ひとりの,692,alone を縮めた語。もとは「まったく一つ」の意味だった。,oi-no-
oino,nonprofit,L,非営利の,702,non-(打ち消し)+ profit(利益)から。profit はラテン語 pro-(前へ)+ facere(なす)で、fact と同じ語である。,ne+per1+dhē-+oi-no-
oino,unite,L,結合する,705,語根は「一」。eleven は「十を取って一余る」から出た語。,oi-no-
oino,unilateral,L,一方的な,709,「片側だけ」が原義。法律で「一方だけが結ぶ」意に使ったのはベンサムらしい。,oi-no-
oino,anytime,G,いつでも,714,1語に固まったのは1854年ごろ。それまでは離して書いていた。,oi-no-+dā-
oino,uniformity,L,統一性,738,「同じ形」の意。単調でうんざりする含みは1700年ごろから。,oi-no-+merph-
oino,Angus,Ce,アンガス,740,古アイルランド語で「唯一の力」。牛の名になったのは1842年。,oi-no-+geus-
oino,unison,L,調和,742,もとは音楽の「同じ高さの音」。心が合う意は1640年代から。,oi-no-+swen-
oino,une,L,結合する,761,1400年ごろの語。ラテン語 unire「一つにする」がそのまま。,oi-no-
oino,reunion,L,再結合,764,もとは単に再び集まること。昔の仲間の集いの意は1820年から。,re-+oi-no-
oino,unification,L,統合,775,1849年に動詞 unify から作られた、意外に新しい語。,oi-no-+dhē-
oino,anyhow,G,どうせ,788,中身は any + how。1900年には any old how という強調形も。,oi-no-+kʷo-
oino,unanimous,L,満場一致の,792,直訳は「心が一つ」。その「心」は元をたどれば「息」を表す語。,oi-no-+anə-
oino,unicorn,L,一角獣,868,プリニウスいわく、馬の体に鹿の頭、象の足、獅子の尾を持つ。,oi-no-+ker-1
oino,unify,L,統一する,870,直訳は「一つに作る」。語尾 -fy は fact と同じ「作る」。,oi-no-+dhē-
oino,nonfiction,L,ノンフィクション,877,fiction の語根は「こねて形づくる」。こねていないほうがこの語。,ne+dheigh-+oi-no-
oino,no,G,一つも〜ない,884,「いいえ」の no とは別語。none が縮んだ形。ne＋one で「一つも無い」が中身。,ne+oi-no-
oino,unanimity,L,一致,918,ラテン語 unanimus は「心がひとつ」。一つ+息(animus)の形。,oi-no-+anə-
oino,noncompliance,L,不従順,920,語根は「満たす」。求めを満たさないことが「不従順」。,ne+kom+pelə-1+oi-no-
oino,atone,L,償う,929,at と one がくっついた語。one の古い発音がこの語にだけ残っている。,ad-+oi-no-
oino,nondescript,L,特徴がない,929,元は学術用語で「まだ記載されていない」の意。転じて平凡を指すようになった。,ne+de-+skrībh-+oi-no-
oino,nonchalant,L,無関心な,930,中身は「熱くならない」。calorie と同じ「熱」が隠れている。,ne+kelə-1+oi-no-
oino,apiece,G,各個に,935,もとは硬貨や商品の値を言う「a piece」。それが縮まって一語に。,oi-no-+kʷezd-
oino,anon,G,すぐに,940,「一つに」が原義で、本来は「即座に」。使われるうちに「そのうち」へずれた。,an-+oi-no-
oino,nullify,L,無効にする,983,直訳は「無にする」。null は ne と one が合わさった「一つもない」。,ne+oi-no-+dhē-
oino,triune,L,三者一体の,983,tri(三)+unus(一)をつないだだけの語。1630年代に作られた。,trei-+oi-no-
oino,nonchalance,L,無関心,986,語の中身は「熱くならない」。心が動かない様子をそのまま表す。,ne+kelə-1+oi-no-
oino,annul,L,無効にする,1003,ラテン語で「無に帰す」。null(無効)と同じ語からできている。,ad-+ne+oi-no-
oino,noncommittal,L,言質を与えない,1018,「身を預けない」。commit は「委ねる」で、それをしないという組み立てである。,ne+kom+mittere+oi-no-
oino,nonpartisan,L,党派心のない,1041,non-(打ち消し)+ partisan(党派の人)から。イタリア語 partigiano、ラテン語 pars(部分)で、part と同じ語である。,ne+perə-2+oi-no-
oino,nonce,G,その場限りの,1042,then anes(その一度)の区切りを間違えて生まれた語である。,oi-no-+to-
oino,unary,L,単項の,1062,ラテン語 unus(一)から。unit や one と同じ「一」の語である。,oi-no-
oino,Unicode,L,ユニコード,1089,uni-(ひとつ)と code の合成。万国共通の文字コードである。,oi-no-
oino,nondeterministic,L,非決定論の,1128,determine の否定形。determine は「境を決める」が元。,ne+de-+ter-+oi-no-
oino,nonentity,L,取るに足りない人,1150,entity(存在)の否定。entity は「あること」が元である。,ne+es-+oi-no-
oino,nonsectarian,L,無党派の,1219,non-(〜でない)と sectarian(宗派の)から。sect と同じ「従う」語。,ne+sekʷ-1+oi-no-
oino,Uniate,Sl,合同教会派,1240,ロシア語 uniyat(合同派)から。ラテン語 unus(一)で、one と同じ語。,oi-no-
oino,einkorn,G,ヒトツブコムギ,1271,ドイツ語で「ひと粒」。ein(1つ)と Korn(穀粒)から、one と corn の語。,oi-no-+gr̥ə-no-
oino,quincunx,L,五つ目型,1296,ラテン語で「12分の5」。もとは硬貨の単位で、その刻印の五つの点の並びが名になった。,oi-no-+penkʷe
oino,uncial,L,アンシアル書体,1309,ラテン語 uncia(12分の1)から。ounce や inch と同じ語である。,oi-no-
oino,nonpareil,L,比類ない,1311,フランス語で「並ぶものがない」。non-(〜でない)と pareil(等しい)から。,ne+perə-2+oi-no-
oino,nonsuit,L,訴えの却下,1317,non-(〜でない)と suit(訴え)から。訴えを退けること。,ne+oi-no-+sekʷ-1
oino,nonblocking,L,無閉塞,1341,non-(〜でない)と blocking から。詰まりのないことをいう。,ne+oi-no-
oino,Non-functional,L,非関数の,1350,non-(〜でない)と functional から。はたらきを持たないこと。,ne+bheug-2+oi-no-
oino,nonplused,L,当惑した,1435,ラテン語 non plus(これ以上ない)から。plus は plural や full と同じ「満たす」語である。,ne+pelə-1+oi-no-
oino,nonplus,L,途方に暮れること,1479,ラテン語 non plus(これ以上ない)から。plus は plural や full と同じ「満たす」語である。,ne+oi-no-+pelə-1
oino,nonjuror,L,宣誓拒否者,1545,non- とラテン語 jurare(誓う)から。jury や just と同じ「法」の語である。,ne+yewes-+oi-no-
oino,nullipara,L,未産婦,1551,ラテン語 nullus(ひとつもない)と parere(産む)から。null と parent を合わせた語である。,ne+oi-no-+perə-1
oino,nonuniversality,L,非普遍性,1648,non-(否定)と universality から。universe はラテン語 unus(1)と vertere(向く)による語である。,ne+oi-no-+wer-3
oino,zollverein,G,関税同盟,1755,ドイツ語 Zoll(関税)+ Verein(同盟)から。Zoll は英語 toll(通行料)と同じ語である。,oi-no-
oino,coadunate,L,癒合した,1765,ラテン語 coadunare(一つにまとめる)から。com-(共に)+ ad(…へ)+ unus(一)で、unite と同じ「一」の語である。,kom+ad-+oi-no-
oino,turnverein,G,体操協会,1790,ドイツ語 turnen(体操する)+ Verein(協会)から。Verein は ein(一)を含み、one と同じ「一」の語である。,oi-no-+per1
oino,nonrecursively,L,帰納的でなく,1849,non-(打ち消し)+ recursive から。ラテン語 currere(走る)にさかのぼり、current や occur と同じ「走る」語である。,ne+re-+kers-2+oi-no-
oino,indricothere,Gr,インドリコテリウム,2129,ロシア語 indrik(伝説の一角獣)+ ギリシャ語 thērion(獣)から。後半は treacle と同じ「野獣」の語である。,oi-no-+ghwer-
reg,right,G,正しい、右、権利,83,原義は「まっすぐ、正しい」。方角の「右」は正しい手の側から。,reg-
reg,rights,G,権利,255,語根は「まっすぐ」。まっすぐが「正しい」になり、やがて「権利」になった。,reg-
reg,source,L,源,299,原義は「泉が湧き上がるところ」。sub(下から)+regere(導く)。,upo+reg-
reg,direction,L,方向、指示,312,原義は「まっすぐ整えること」。方角を指すのは17世紀から。,dwis-+reg-
reg,direct,L,導く、直接の,318,dis-(離れて)+regere(まっすぐ導く)で、まっすぐ差し向けること。,dwis-+reg-
reg,region,L,地域、部位,320,語根は「まっすぐ導く・支配する」。線で区切った統治の範囲が原義。,reg-
reg,rule,L,規則、定規,324,ラテン語 regula は「まっすぐな棒」。定規と規則は同じ語だった。,reg-
reg,correct,L,正しい,333,もとは罰して正すこと。曲がったものをまっすぐにする、が原義。,kom+reg-
reg,address,L,住所、演説,341,原義は「まっすぐ向ける」。ゴルフのアドレスに古い意味が残る。,ad-+reg-
reg,rich,G,金持ちの、濃厚な,374,古英語では「強い、身分が高い」。ケルト語の「王」からの借用語。,reg-
reg,regular,L,定期的な,403,最初は「修道会の戒律に従う」の意。語源はまっすぐな木の棒。,reg-
reg,Richard,G,リチャード,405,古高ドイツ語で「統治に強い」の意。愛称形が Rick になった。,reg-+kar-
reg,dress,L,ドレス,409,原義は「まっすぐにする」。服を着せる意味は14世紀末から。,de-+reg-
reg,regional,L,地域の,422,region の祖先は「まっすぐ導く」。王の regal も同じ一族。,reg-
reg,resource,L,資源、機転,435,原義は「もう一度立ち上がる」。尽きても湧き直すものが資源。,re-+upo+reg-
reg,regulation,L,規則,439,もとは「整えること」という行為。「規則」の意は1715年から。,reg-
reg,regime,L,政権,464,15世紀には「食事や運動の養生法」を指す語だった。,reg-
reg,director,L,監督、取締役,472,最初はただの「案内人」。映画や舞台の「監督」の意は1911年から。,dwis-+reg-
reg,regulatory,L,規制する,492,語根は「まっすぐ」。定規で引く直線が規則のもと。,reg-
reg,royal,L,王の,493,米語では1940年代から「ひどい」の強め言葉にもなった。,reg-
reg,regularly,L,定期的に,497,語源は「ものさし」。定規どおりに揃っているのが規則正しい。,reg-+-lo-
reg,realm,L,領域、王国,520,中英語では reaume。「王の統べる国」が原義だった。,reg-
reg,correctly,L,正しく,532,語根は「まっすぐ」。まっすぐに直すことが「正しい」だった。,kom+reg-
reg,indirect,L,間接的な,546,direct は「まっすぐ導く」。in- が付いて「遠回りの」になった。,ne+dwis-+reg-
reg,copyright,L,著作権,556,copy の語根は「たくさん生み出す」。豊かさが写しの語になった。,kom+op-+reg-
reg,Eric,G,エリック,557,古ノルド語で「誉れある支配者」。名前の中に「王」がいる。,reg-
reg,reign,L,統治,561,もとは「王国」そのもの。在位期間を指す用法は後から出た。,reg-
reg,ruling,L,裁定,562,判事の下す裁定も、紙に引く罫線も、同じrulingという語。,reg-
reg,dressing,L,ドレッシング,568,もとは「整えること」。料理のソースを指すのは1500年ごろから。,reg-+dwis-
reg,alert,L,用心深い,571,もとはイタリア語の「物見の塔へ」。見張りの掛け声だった。,al-1+eghs+reg-+ad-
reg,regulate,L,規制する,575,語源は「まっすぐな木の棒」＝定規。定規に合わせるのが規制。,reg-
reg,Roy,L,ロイ,594,人名。語根は「王」。royal と同じ語根から来た名前。,reg-
reg,correction,L,訂正,598,中身は「まっすぐに直す」。昔は罰で正すことまで含んだ。,kom+reg-
reg,upright,G,直立した,598,「正直な」の意味は14世紀末。upright man は盗賊の頭を指した。,upo+reg-
reg,rail,L,レール,599,もとは木の横木。金属のレールを指すのは1830年代から。,reg-
reg,indirectly,L,間接的に,604,中身は「まっすぐ」の否定。まっすぐ行かないから間接的。,ne+dwis-+reg-
reg,incorrect,L,正しくない,605,15世紀は「罰されず改まらない」の意。「誤り」は1750年代。,ne+kom+reg-
reg,Frederick,L,フレデリック,606,「平和」+「支配」で平和の統治者。afraid の後半と同じ語。,prī-+reg-
reg,righteous,G,正義の,612,古くは rightwise。語尾が courteous につられて -eous に化けた。,reg-+weid-
reg,irregular,L,不規則な,617,最初は「教会の規則に反する」こと。14世紀の宗教用語だった。,ne+reg-+-lo-
reg,surge,L,押し寄せる,657,最初は「泉、湧き出る水」。大波の意味は1520年代から。,upo+reg-
reg,regiment,L,連隊,664,もとは「統治・支配」の意。軍の単位になったのは1570年代から。,reg-
reg,real,L,スペインの旧銀貨,667,「本物の」real とは別語。スペイン語で「王の」。royal の仲間。,reg-
reg,rack,G,棚,670,「ちぎれ雲」の rack とは別語。原義は「引き伸ばしたもの」。皮を張って干す枠から。,reg-
reg,rectangular,L,長方形の,674,rect- は「まっすぐ」、-angular は「角」。まっすぐな角。,reg-+ank-
reg,escort,L,護衛,679,escort と correct は同じ語。「まっすぐに正す」が中身。,eghs+kom+reg-
reg,riches,L,富,689,もとは単数形の richesse。複数と勘違いされて s の形が残った。,reg-
reg,erect,L,直立した,690,原義は「上へまっすぐ立てる」。ラテン語では「傲慢な」の意もあった。,eghs+reg-
reg,Montreal,L,モントリオール,691,カナダの都市名。フランス語で「王の山」。1534年にカルティエが命名した。,men-2+reg-
reg,Friedrich,G,フリードリヒ,692,ドイツ語系の男の名で、原義は「平和をおさめる支配者」。,prī-+reg-
reg,reckon,G,計算する,705,古英語では「きちんと並べる」。並べて数えるから「計算」へ。,kom+reg-
reg,reckless,G,無謀な,715,reck は「気にかける」意の古い動詞。今はこの語にだけ残る。,reg-+leu-
reg,arrogant,L,傲慢な,716,語根は「手を差し出す」。自分のものだと求める姿が傲慢。,ad-+reg-
reg,regulator,L,調整者,726,1767年の米国では、地方の自警団も regulator と呼ばれた。,reg-
reg,Reich,G,ドイツ帝国,729,「まっすぐ導く」語根から。英語では1871〜1945年のドイツを指した。,reg-
reg,directory,L,案内,731,もとは教会の手引き書。電話帳を指すのは1908年から。,dwis-+reg-
reg,royalty,L,王族,732,王の特権から転じて、本の印税もroyaltyと呼ぶようになった。,reg-
reg,regimen,L,養生法,738,語根は「まっすぐ導く」。養生法の意が先で、統治の意は後。,reg-
reg,arrogance,L,傲慢,748,原義は「自分のものだと要求する」。手を差し出す動作が元。,ad-+reg-
reg,rectangle,L,長方形,749,昔の英語では「long square(長い正方形)」と呼んだ。,reg-+ank-
reg,enrich,L,質を高める,760,原義は「金持ちにする」。1945年から、同位体を「濃縮する」意味でも使う。,en+reg-
reg,surrogate,L,代理の,764,もとは司教や裁判官の代理を指した。代理母の意はずっと後。,upo+reg-
reg,redress,L,矯正,772,中身は「再びまっすぐにする」。服の dress と同じ語を含む。,re-+reg-
reg,Aubrey,L,オーブリー,779,人名。中身は「エルフの支配者」。米国では1973年ごろから女子名に。,albho-+reg-
reg,insurrection,L,反乱,806,原義は「立ち上がること」。反乱とは文字どおり体を起こすことだった。,en+upo+reg-
reg,outsourcing,L,外部調達,809,out(外へ)+ source(源)+ -ing から。source はラテン語 surgere(湧き上がる)で、surge と同じ語である。,ud-+reg-
reg,prerogative,L,特権,810,ローマで最初に投票する権利を得た組のこと。順番はくじ引き。,per1+reg-
reg,unruly,G,手に負えない,814,un が付く前の ruly「素直な」は消え、否定形だけが生き残った。,ne+reg-
reg,anorexia,Gr,食欲不振,821,語根は「手をまっすぐ伸ばす」。伸ばす欲が無いのが原義。,ne+reg-
reg,rectum,L,直腸,828,「まっすぐな腸」が原義。動物しか解剖しなかったガレノスの命名。,reg-
reg,interrogate,L,尋問する,832,「尋ねる」を表すラテン語 rogare は、もと「手を差し伸べる」。,en+reg-
reg,rectify,L,修正する,837,ラテン語で「まっすぐにする」。もとは病や行いを治すことを指した。,reg-+dhē-
reg,Dietrich,G,ディートリッヒ,845,人名。原義は「民を治める者」。Derrick はこの名の変わり形。,teutā-+reg-
reg,rake,G,くま手,850,語根は「まっすぐ」。まっすぐな木の歯を並べた道具の意とされる。,reg-
reg,regal,L,威厳がある,862,語根は「まっすぐ引く」。まっすぐ導く者が王だった。,reg-
reg,rector,L,牧師,863,元は「支配者」。神やローマ総督を指す語が18世紀に聖職者へ。,reg-
reg,Roderick,G,ロデリック,868,「名声において統べる」の意。スペイン語のロドリゴも同じ名。,kar-2+reg-
reg,derogatory,L,軽蔑的な,878,語源は「手を差し出して問う」。そこから値打ちを削り取る意味へ。,de-+reg-
reg,resourceful,L,資源に富んだ,878,resource は「再び湧き上がるもの」。1807年には「抜け目ない」の意。,re-+upo+reg-
reg,rectus,L,直筋,894,ラテン語で「まっすぐな」。rectangle と同じ語で、まっすぐ走る筋肉。,reg-
reg,regent,L,摂政,898,王の代理を指す語。王位の正統性を含ませないために使われた。,reg-
reg,insurgent,L,暴動の,906,ラテン語で「立ち上がる」。反乱とは、文字どおり起き上がること。,en+upo+reg-+uper
reg,Alaric,G,アラリック,914,人名。「すべてを統べる者」が名の意味。西ゴート族の男性名。,reg-
reg,forthright,G,率直な,946,「まっすぐ前へ」がそのまま語に。古英語では「ただちに」の意も。,per1+reg-
reg,interrogative,L,疑問の,948,「問う」ラテン語rogareは、もと「手を差し出す」動作だった。,en+reg-
reg,viceroy,L,副王,957,中身は「代理の王」。monarch に似たチョウも1877年からこの名。,weik-4+reg-
reg,outsource,L,外部調達する,972,1981年ごろ生まれた新語。仕事が海外へ流れる話とともに広まった。,ud-+reg-
reg,rectitude,L,正直,986,もとは「まっすぐさ」。人の心の正しさを指すのは1530年代から。,reg-
reg,incorrigible,L,矯正できない,995,14世紀には「治らない病」や「度を越した出費」にも使った語。,ne+kom+reg-
reg,Maratha,Sa,マラーター,1012,インド西部の民族と地域の名。サンスクリット語の「大きな国」から。,reg-
reg,rex,L,レックス,1018,ラテン語で「王」。巻き毛の突然変異を持つウサギの品種名として20世紀に使われはじめた。,reg-
reg,regency,L,摂政,1021,ラテン語の「治める」から。regal(王の)と同じ語で、王に代わって治める役を指す。,reg-
reg,rectilinear,L,直線の,1026,ラテン語で「まっすぐな線の」。rectangle や correct と同じ「まっすぐ」の語である。,reg-+lī̆no-
reg,bishopric,G,司教区,1030,bishop(司教)+ 古英語 rīce(支配・領域)から。後半はドイツ語 Reich、rich と同じ「支配」の語である。,epi+spek-+reg-
reg,ergo,L,それゆえに,1034,ラテン語で「その筋から」。結論の向きを指す語だった。,eghs+reg-
reg,rank,G,生い茂った、鼻につく,1045,「階級」の rank とは別語。古英語では「高慢な」だった。,reg-
reg,resurgent,L,よみがえる,1052,ラテン語で「下から立ち上がる」。surge と同じ語である。,re-+upo+reg-
reg,adroit,L,器用な,1058,フランス語で「右手のほうへ」。right と同じ語である。,ad-+reg-
reg,dirge,L,哀歌,1065,ラテン語の祈り「導きたまえ」の頭の語。葬送歌の名になった。,dwis-+reg-
reg,recto,L,右側のページ,1071,ラテン語で「正しい側」。right と同じ語である。,reg-
reg,abrogate,L,廃止する,1074,ラテン語で「法を取り下げる」。right と同じ「まっすぐ」語。,apo-+reg-
reg,interregnum,L,空位期間,1096,ラテン語で「統治の間」。reign(治世)と同じ語である。,en+reg-
reg,Theodoric,L,テオドリック,1098,ゲルマン語で「民の王」。東ゴート王の名として知られる。,teutā-+reg-
reg,rial,Ir,リアル,1100,ペルシャ語の貨幣単位。スペインの real と同じ語である。,reg-
reg,Risorgimento,L,復興,1104,イタリア語で「再び立ち上がること」。統一へ向かう19世紀の運動の名になった。,re-+upo+reg-
reg,derogate,L,減ずる,1108,ラテン語で「法の一部を取り消す」。right と同じ語である。,de-+reg-
reg,rakish,G,いきな,1110,rake(放蕩者)から。まっすぐな棒の rake と同じ語である。,reg-
reg,subrogation,L,代位,1114,ラテン語で「代わりに立てる」。rogation と同じ語である。,reg-+upo
reg,regicide,L,国王殺し,1140,ラテン語の「王」と「殺す」。regal と同じ「王」の語である。,reg-+kaə-id-
reg,undirected graph,Gr,宛名がないグラフ,1153,un-(打ち消し)+ directed + graph から。direct はラテン語 regere(まっすぐ導く)、right や regular と同じ語である。,ne+dwis-+reg-
reg,raj,Sa,支配,1175,ヒンディー語で「統治」。regal や right と同じ「まっすぐ導く」語である。,reg-
reg,rajah,Sa,藩王,1183,ヒンディー語で「王」。regal や right と同じ「まっすぐ導く」語である。,reg-
reg,corvée,L,夫役,1186,フランス語で「呼び集められた務め」。ラテン語 rogare(求める)から。,reg-
reg,derecho,L,暴風,1202,スペイン語で「まっすぐな」。渦を巻かず直進していく、あの暴風の名。,reg-
reg,supererogatory,L,必要以上のことをする,1205,ラテン語で「求められた以上に払うこと」。super-(超えて)と rogare(求める)から。,uper+eghs+reg-
reg,arrogate,L,横領する,1212,ラテン語で「自分に求める」。arrogant と同じ語である。,ad-+reg-
reg,eldritch,G,この世の物とは思われない,1252,古い英語で「別の国の」。else と realm の語が合わさったとされる。,al-1+reg-
reg,prorogue,L,閉会にする,1277,ラテン語で「前もって問う」。interrogate と同じ「問う」語である。,per1+reg-
reg,raita,Sa,ライタ,1294,ヒンディー語のヨーグルト料理。カレーに添える薬味である。,reg-+steig-
reg,anorectic,Gr,食欲のない,1305,ギリシャ語で「食欲がない」。否定の a- と orexis(欲)から。,ne+reg-
reg,reck,G,気にかける,1306,古英語 reccan(気にかける)から。reckless(むとんちゃく)に残る。,reg-
reg,rogatory,L,嘱託された,1320,ラテン語 rogare(問う)から。interrogate と同じ語である。,reg-
reg,maladroit,L,不器用な,1325,フランス語で「右手でない」。器用さを右手で語る見方の、裏返しの語である。,mel-5+ad-+reg-
reg,rani,Sa,王妃,1332,ヒンディー語で「王妃」。raja(王)の女性形で、regal と同じ語。,reg-
reg,corrigible,L,矯正しやすい,1396,ラテン語 corrigere(まっすぐ直す)から。correct や right と同じ「まっすぐ」語である。,kom+reg-
reg,regulus,L,レギュラス,1402,ラテン語で「小さな王」。rex(王)は regal や royal と同じ「まっすぐ導く」語である。,reg-
reg,maharani,Sa,マハラジャの妻,1403,ヒンディー語で「大いなる女王」。maha(大きい)は much や mega-、rani(女王)は regal と同じ語である。,meg-+reg-
reg,maharajah,Sa,マーハラージャ,1407,サンスクリット語で「大いなる王」。maha は much、rajan(王)は regal や royal と同じ語である。,meg-+reg-
reg,resurge,L,よみがえる,1421,ラテン語 resurgere(また立ち上がる)から。surge や regal と同じ「まっすぐ導く」語である。,re-+upo+reg-
reg,riyal,L,サウジアラビアの貨幣,1422,アラビア語 riyal から。スペイン語 real(王の)を経た語で、royal や regal と同じ語である。,reg-
reg,rogation,L,祈願,1424,ラテン語 rogare(たずねる・願う)から。interrogate や arrogant と同じ語である。,reg-
reg,rillettes,L,リエット,1469,フランス語で「細長い一片」。豚肉を細く刻んで脂で煮込む料理である。,reg-
reg,regius professor,L,欽定教授,1519,ラテン語 regius(王の)から。regal や royal と同じ「まっすぐ導く」語である。,reg-
reg,subrogate,L,代位する,1551,ラテン語 sub-(下に)と rogare(たずねる)から。interrogate や regal と同じ語である。,upo+reg-
reg,reichsmark,G,ライヒスマルク,1572,ドイツ語 Reich(国)と Mark(貨幣単位)から。Reich は regal、Mark は mark と同じ語である。,reg-+merg-
reg,porrect,L,前に突き出た,1580,ラテン語 por-(前へ)と regere(伸ばす)から。direct や regal と同じ語である。,per1+reg-
reg,sord,L,マガモの群れ,1586,中英語 sord(群れ)から。ラテン語 surgere(飛び立つ)とされ、surge や regal と同じ語である。,reg-
reg,rye,G,ロマの男,1591,ライ麦の rye とは別語。サンスクリット語の「王」から。,reg-
reg,vicereine,L,副王夫人,1633,フランス語 vice(代わりの)と reine(女王)から。reine はラテン語 regina で、regal と同じ語である。,weik-4+reg-
reg,ranee,Sa,王妃,1659,ヒンディー語 rani(王妃)から。サンスクリット語 rajni で、regal や royal と同じ語である。,reg-
reg,ariary,L,アリアリ,1675,アラビア語系の銀貨の名から。マダガスカルの通貨の名になった。,reg-
reg,reglet,L,溝,1755,フランス語 réglet(小さな定規)から。ラテン語 regula(定規)の指小形で、rule や regular と同じ「まっすぐ」の語である。,reg-
reg,supererogate,L,要求以上のことをする,1823,ラテン語 super-(超えて)+ erogare(支払う)から。後半は rogare(求める)で、interrogate と同じ語である。,uper+eghs-+reg-+eghs
reg,Riksmål,G,リクスモール,1830,ノルウェー語 rik(国)+ mål(ことば)で「国語」。前半はドイツ語 Reich、英語 rich と同じ「王・支配」の語である。,reg-+mōd-
reg,haimish,G,家庭的な,1869,イディッシュ語で「家庭的な」。home と同じ語から出ている。,tkei-+reg-
weid,idea,Gr,考え,226,原義は「見えた姿」。「見る」の語根から、プラトンの原型の意へ。,weid-
weid,history,Gr,歴史,228,ギリシャ語で「見て知った人の報告」。語根はやはり「見る」。,weid-
weid,view,L,眺め、見解,235,ラテン語 videre(見る)から。「見え方」がそのまま「意見」にも育った。,weid-
weid,provide,L,提供する、規定する,236,pro(前もって)+videre(見る)。先を見越すことが「用意する」になった。,per1+weid-
weid,story,Gr,物語,247,history の頭が落ちた形。16世紀まで「歴史」と区別が無かった。,weid-
weid,evidence,L,証拠,250,原義は「外からよく見える」。見えることが、そのまま証拠だった。,eghs+weid-
weid,provided,L,もし〜ならば,277,provide の過去分詞がそのまま接続詞になり、条件を示すようになった。,per1+weid-
weid,review,L,批評する、再検討する,320,もとは軍隊の「閲兵」。再び見る revidēre から批評の意味に広がった。,re-+weid-
weid,historical,Gr,歴史の,347,語根は「見て知る」。歴史はもと「調べて得た知識」だった。,weid-
weid,visit,L,訪問する,360,もとは神が人のもとを訪れること。天罰が「下る」意もここから。,weid-
weid,vision,L,視力、幻,369,最初は「幻、まぼろし」の意味だった。「視力」を指すのは15世紀末から。,weid-
weid,otherwise,G,さもなければ、別の方法で,375,古英語の「別のやり方で」という句が縮まって一語になった。,al-1+weid-
weid,visual,L,視覚の,415,15世紀には、目から光線が出て見えると考えられていた名残の語。,weid-
weid,guide,L,案内する,418,語根は「見る」。案内とは、先に見て道を示してやること。,weid-
weid,video,L,映像、ビデオテープ,418,ラテン語で「私は見る」。1935年、audio にならって作られた語。,weid-
weid,survey,L,調査、測量,422,原義は「上から見下ろす」。土地の測量に使われだしたのは1540年代。,uper+weid-
weid,interview,L,面接、取材,424,取材の意は1869年の米国生まれ。原義は「互いに見る」。,en+weid-
weid,visible,L,目に見える,424,「有名な、目立つ」の意で使われ出したのは1950年代から。,weid-
weid,advice,L,助言,427,語源は「私にはこう見える」。ただの感想が忠告になった。,ad-+weid-
weid,ideal,Gr,理想,431,名詞の「理想」は1796年、カントの翻訳から生まれた新顔。,weid-
weid,wisdom,G,知恵,452,親知らずを「知恵の歯」と呼ぶのは1848年から。,weid-+dhē-
weid,provision,L,供給、規定、食糧,454,原義は「先を見ること」。備えとは、未来を見通す力だった。,per1+weid-
weid,evident,L,明らかな,461,ex(すっかり)+videre(見える)で、「まる見え」が原義。,eghs+weid-
weid,witness,G,目撃者,464,原義は「知っていること」。知っている人が、そのまま証人に。,weid-
weid,wise,G,賢い、やり方,474,語根は「見る」。よく見た者が知る者、つまり賢い者になった。,weid-
weid,guidance,G,指導,476,学校や職業の「指導」を指すのは1927年から。案外新しい。,weid-+-nt-
weid,television,Gr,テレビ,484,実物より先に名前ができた語。1907年、空想の技術に「遠くを見る」と命名。,kʷel-2+weid-
weid,overview,G,概要,511,17世紀の「監督」の意は一度滅び、1934年に別語で復活。,uper+weid-
weid,invisible,L,目に見えない,543,見えないインクの意は1680年代から。透明人間はウェルズの1897年。,ne+weid-
weid,ideology,Gr,イデオロギー,549,もとは1796年生まれの「観念の科学」。今の意味は1907年ごろから。,weid-+leg-
weid,provider,L,供給者,568,もとは「先を見通す」人。備えるとは、先を見ることだった。,per1+weid-
weid,historic,Gr,歴史的な,577,historical の後ろを削って作られた語。使い分けは後からの整理。,weid-
weid,likewise,G,同様に,582,もとはin like wiseという句。wiseは「やり方」の意の名詞。,līk-+weid-
weid,historian,Gr,歴史家,589,古英語では wyrd-writere、「出来事を書きしるす人」と呼んだ。,weid-
weid,historically,Gr,歴史的に,589,芯にあるのは「見る」。見て知っている人の語りが history になった。,weid-
weid,righteous,G,正義の,612,古くは rightwise。語尾が courteous につられて -eous に化けた。,reg-+weid-
weid,revision,L,校正,636,「もう一度見る」が原義。英国では「復習」の意でも使われる。,re-+weid-
weid,visualization,L,視覚化,636,1881年に「心に思い描くこと」の意で生まれた新しい語。,weid-
weid,thyroid,Gr,甲状腺の,637,ギリシャ語で「扉形の盾」。ガレノスがのど仏をそう呼んだ。,dhwer-+weid-
weid,visibility,L,視界,648,「視界」の意味は1914年から。「注目度」を指すのは1958年以降。,weid-
weid,wit,G,ウィット,656,もとは「頭の働き」。おかしみを指すのは1540年代から。,weid-
weid,advise,L,忠告する,657,もとは「私にはこう見える」という言い回し。d は後から入った字。,ad-+weid-
weid,envy,L,ねたみ,672,原義は「悪意をもって見る」。ねたみは邪視のまなざしだった。,en+weid-
weid,viewpoint,L,観点,677,1856年に現れた新しい語で、当時は俗な言い方とされた。,weid-+peuk-
weid,disguise,L,変装させる,687,「装い」を変えるが原義。1560年代には「酔って人が変わる」意もあった。,dwis-+weid-
weid,visually,L,視覚的に,693,ラテン語 videre(見る)から。vision や wise(賢い)と同じ「見る・知る」語に連なる。,weid-
weid,ideally,Gr,理想的に,706,もとは「頭の中で」の意。「理想的に」は1840年からの意味。,weid-
weid,visualize,L,思い浮かべる,708,1817年、詩人コールリッジが作ったらしい語。「心に見えるようにする」意。,weid-
weid,prudent,L,慎重な,717,provident が縮まった形。原義は「先を見ている」。,per1+weid-
weid,guideline,G,指針,731,1846年には気球を操る綱の意。比喩で使うのは1948年から。,weid-+lī̆no-
weid,jurisprudence,L,法学,743,後ろ半分は prudence。原義は「法を見通す知」。,yewes-+per1+weid-
weid,provisional,L,暫定的な,743,原義は「今の必要をまかなう」。だから間に合わせの意味に。,per1+weid-
weid,visa,L,ビザ,762,「見られた紙」が語の中身。役人が目を通した証だった。,weid-
weid,revise,L,改訂する,763,もとは「もう一度見る」だけ。直す意味は1590年代から。,re-+weid-
weid,wizard,G,魔法使い,764,もとは「賢い人」。魔術師の意になったのは1550年ごろ。,weid-
weid,idol,Gr,偶像,765,ギリシャ語では「幻」「亡霊」の意でもあった。,weid-
weid,idealism,Gr,理想主義,778,1796年には「現実は観念だけでできている」という哲学の説だった。,weid-
weid,guise,L,仮装,779,もとは「服装の流行」。見せかけの意味は1660年代から。,weid-
weid,Hades,Gr,ハーデース,780,ギリシャ神話の冥界の神。名の意味は不明だが、一説に「見えないもの」。否定の a- と「見る」から。,weid-
weid,prudence,L,用心深さ,780,providence「先見」が縮んでできた語。用心とは先を見ることだった。,per1+weid-
weid,visionary,L,洞察力のある,784,かつては「非現実的な」という悪口。今は先見の明をほめる語。,weid-
weid,paranoid,Gr,偏執狂の,786,1901年に paranoia から不規則な形で作られた新しい語。,per1+weid-
weid,steroid,Gr,ステロイド,786,中身は「sterol に似たもの」。1936年に作られた新しい語。,ster-1+weid-
weid,providence,L,摂理,793,中身は「先を見ること」。神の摂理を指すのは1600年ごろから。,per1+weid-
weid,reviewer,L,評者,795,1610年代には「校訂する人」。書評家の意味は1650年代から。,re-+weid-
weid,prehistoric,Gr,先史時代の,802,1851年生まれの新しい語。フランス語をまねて作ったらしい。,per1+weid-
weid,idolatry,Gr,偶像崇拝,803,分解すると「像を拝むこと」。像は本来ただの「見えるかたち」。,weid-+lē-1
weid,supervise,L,監督する,809,「上から見る」がそのまま語に。監督の意味は1640年代から。,uper+weid-
weid,improvised,L,即興の,827,分解すると「前もって見ていない」こと。だから即興になる。,ne+per1+weid-
weid,envious,L,うらやましそうな,833,ラテン語 invidia(ねたみ)から。その語根は「見る」。,en+weid-
weid,improvisation,L,即興,837,原義は「前もって見ていない」。即興演奏の名として1786年に登場。,weid-+ne+per1
weid,preview,L,試写,841,もとは単に「先に見ておく」。映画の試写を指すのは1928年から。,per1+weid-
weid,idealistic,Gr,理想主義の,855,idea の語根は「見る」。心に見えたものを信じる態度のこと。,weid-
weid,purview,L,権限,861,法令の冒頭句「かく定める」が名詞になった語。綴りは view に引かれた。,per1+weid-
weid,asteroid,Gr,小惑星,873,「星のような姿」という意味で、1802年に天文学者が作った新語。,ster-2+weid-
weid,idyllic,Gr,牧歌的な,876,語根は「見る」。目に映る姿を表す語から出て、idol と同源。,weid-
weid,vide,L,参照せよ,884,ラテン語「見よ」の命令形。q.v. の v はこの語の頭文字。,weid-
weid,Veda,Sa,ベーダ,899,サンスクリット語で「知識」。英語の wise と同じ語根。,weid-
weid,Ayurveda,Sa,アーユルヴェーダ,901,インドの伝統医学。名は「いのちの知識」で、後半は聖典 Veda と同じ語。,aiw-+weid-
weid,visage,L,顔,905,原義は「見え方」。かつては「作り顔」という意味もあった。,weid-
weid,proviso,L,条件,911,法律文書の冒頭にあったラテン語「…を条件として」がそのまま名詞に。,per1+weid-
weid,vista,L,展望,915,イタリア語の「眺め」。並木道の奥に開ける長い景色を指した。,weid-
weid,improvise,L,即興で作る,929,中身は「予見されない」。備えを打ち消した形が、そのまま即興を表す。,ne+per1+weid-
weid,visor,L,面頬,931,語源はラテン語の「顔」。顔を隠す板が、やがて帽子のひさしに。,weid-
weid,tabloid,Gr,タブロイド,943,もとは薬の錠剤の商標名。「圧縮された」が転じて短い記事の新聞に。,weid-
weid,kaleidoscope,Gr,万華鏡,969,直訳は「美しい形を見るもの」。1817年に発明者が名づけた語。,kal-2+weid-+spek-
weid,penguin,Ce,ペンギン,973,もとは北の海のオオウミガラスの名。南極の鳥に移ったのは1580年代。,weid-
weid,Gwendolyn,Ce,グウェンドリン,975,人名。名の頭は「白い」。もとをたどれば「よく見える」という意味だった。,weid-
weid,imprudent,L,軽率な,979,中身は「先が見えていない」。prudent は providens が縮んだ形。,ne+per1+weid-
weid,wot,G,知っている,986,「知る」を意味する古語 wit の活用形。God wot は「神のみぞ知る」。,weid-
weid,unwitting,G,無意識の,991,中身は「知らないでいる」。1600年ごろすたれ、1800年ごろ復活。,ne+weid-
weid,ovoid,L,卵形の,992,ラテン語の「卵」にギリシャ語の「…のような」を継いだ混成語。,awi-+weid-
weid,Vedanta,Sa,ベーダーンタ学派,996,名は「ヴェーダの終わり」。聖典の締めくくり、奥義という意味。,weid-+ant-
weid,scaphoid,Gr,舟状の,1006,ギリシャ語で「舟の形の」。手首にある、あの小さな骨の名である。,(s)kep-+weid-
weid,clairvoyant,L,千里眼の,1024,フランス語で「はっきり見える」。clear と see を合わせた組み立てである。,kelə-2+weid-
weid,clairvoyance,L,千里眼,1033,フランス語で「はっきり見えること」。clear と see を合わせた組み立てである。,kelə-2+weid-
weid,invidious,L,いまいましい,1042,ラテン語で「にらみつける」。envy と同じ「見る」語である。,en+weid-
weid,provident,L,先見の明のある,1047,ラテン語で「前もって見る」。provide と同じ語である。,per1+weid-
weid,pterygoid,Gr,翼状骨,1048,「翼の形をした」。頭蓋の奥にある、翼を広げたような形の骨を指す。,pet-+weid-
weid,idyll,Gr,田園詩,1052,ギリシャ語で「小さな姿」。idol と同じ「見た形」の語である。,weid-
weid,druid,L,ドルイド,1054,ケルト語の「樫を知る者」。木を通して神意を読んだ祭司たちの呼び名である。,deru-+weid-
weid,ethmoid,Gr,篩骨の,1057,ギリシャ語で「ふるいのような」。穴だらけの鼻の骨のこと。,sē-3+weid-
weid,kaleidoscopic,Gr,万華鏡の,1066,ギリシャ語で「美しい形を見る」。三語を並べた造語である。,kal-2+weid-+spek-
weid,purveyor,L,調達人,1072,purvey(調達する)から。provide と同じ語である。,per1+weid-
weid,outwit,G,裏をかく,1073,out と wit の合成。知恵で相手の外に出る、という言い方。,ud-+weid-
weid,sternocleidomastoid,Gr,胸鎖乳突筋,1083,ギリシャ語 sternon(胸骨)+ kleis(鎖骨)+ mastoeidēs(乳頭状の)から。胸骨と鎖骨から乳様突起へ走る筋の意である。,sterə-+klāu-+weid-
weid,cricoid,Gr,環状の,1091,ギリシャ語の「輪のような」。circle と同じ「回す」語。,(s)ker-3+weid-
weid,idealize,L,理想化する,1105,ideal から。idol と同じ「見た形」の語である。,weid-
weid,voyeur,L,詮索好き,1106,フランス語で「見る人」。のぞき見をする側だけを名指しした語である。,weid-
weid,coracoid,Gr,烏口骨,1114,ギリシャ語で「カラスのくちばしのような」。肩甲骨の突起の形からついた名。,ker-2+weid-
weid,witless,G,愚かな,1118,wit(知恵)が無いこと。wit は「見て知る」が元である。,weid-+leu-
weid,wizardry,G,魔術,1120,wizard から。wizard は wise(賢い)に由来する語である。,weid-+kar-
weid,eidetic,Gr,はっきりと目に浮ぶ,1130,ギリシャ語の「見た形」。idol と同じ「見る」語である。,weid-
weid,improvident,L,先見の明がない,1155,provident の否定。provide と同じ「前もって見る」語。,ne+per1+weid-
weid,twit,G,なじる,1157,古い atwite(なじる)の頭が落ちた形。wit と同じ「見る」語。,ad-+weid-
weid,advisement,L,相談,1158,advise から。vision と同じ「見る」語である。,weid-+ad-
weid,idolize,Gr,崇拝する,1181,idol(偶像)に -ize がついた語。idol はもと「見えるもの、姿」の意。,weid-
weid,anthropoid,Gr,人間に似た,1189,ギリシャ語で「人のような」。anthropos(人)と -oid から。,weid-
weid,witticism,L,機知に富んだ言葉,1189,witty(機知に富む)と criticism を合わせた造語。wit と同じ語である。,weid-
weid,idolater,Gr,偶像崇拝者,1192,ギリシャ語で「像に仕える者」。姿かたちを意味する語から出ている。,weid-+lē-1
weid,sarcoid,Gr,肉の,1211,ギリシャ語 sarx(肉)から。sarcasm と同じ「切り裂く」語につながる。,twerk-+weid-
weid,prevision,L,予見,1226,ラテン語で「前もって見ること」。vision と同じ語である。,weid-+per1
weid,eidolon,Gr,幻,1227,ギリシャ語 eidolon(姿、幻)から。idol と同じ語である。,weid-
weid,cycloid,Gr,サイクロイド,1236,ギリシャ語で「輪のような」。cycle と同じ語である。,kʷel-1+weid-
weid,aneroid,Gr,液体を用いない,1286,ギリシャ語で「液体を使わない」。否定の a- と neron(水)から。,ne+newo-+weid-
weid,deja vu,L,既視感,1288,フランス語で「すでに見た」。後半は vision と同じ「見る」語である。,weid-
weid,eicosanoid,Gr,不飽和脂肪酸,1308,ギリシャ語 eikosi(20)から。炭素20個の脂肪酸を指す。,wīkm̥tī+weid-
weid,wite,G,非難,1318,古英語 witan(責める)から。wit(知る)と同じ語である。,weid-
weid,belvedere,L,望楼,1324,イタリア語で「よい眺め」。見晴らしのために建てた高い部屋を指す。,deu-2+weid-
weid,purvey,L,調達する,1331,古フランス語 porveeir(前もって備える)から。provide と同じ語である。,per1+weid-
weid,witting,G,承知の上の,1348,古英語 witan(知っている)から。wit(知る)と同じ語である。,weid-
weid,guy,L,張り綱,1352,男の人を指すふつうの guy とは別語。guide と同じ語で、もとは「導くもの」。テントを支える綱。,weid-
weid,Rig-Veda,Sa,リグ=ベーダ,1357,サンスクリット語で「賛歌の知識」。veda(知識)は wit と同じ語。,erkʷ-+weid-
weid,placoid,Gr,板のような,1388,ギリシャ語 plax(板)から。板のようなうろこをいう。,plāk-1+weid-
weid,wiseacre,G,知ったかぶりをする人,1416,中期オランダ語 wijssegger(予言者)から。wise と同じ語で、acre(畑)とは関係がない。,weid-
weid,guidon,L,部隊旗,1424,フランス語 guidon(旗じるし)から。guide と同じ語で、wise や view と同じ「見る」根である。,weid-
weid,hadal,L,超深海(帯)の,1445,ギリシャ神話の冥界 Hades から。「見えない」の意とされ、深海帯をいう。,weid-
weid,ctenoid,Gr,櫛のような歯のある,1458,ギリシャ語 kteis(くし)と eidos(形)から。eidos は idol や wise と同じ「見る」語である。,pek-2+weid-
weid,ganoid,Gr,硬鱗魚類の,1492,ギリシャ語 ganos(輝き)と eidos(形)から。eidos は idol や wise と同じ「見る」語である。,gāu-+weid-
weid,plerocercoid,Gr,擬尾虫,1520,ギリシャ語 pleres(満ちた)と kerkos(尾)から。pleres は full や plus と同じ語である。,pelə-1+weid-
weid,colcannon,Ce,コルカノン,1522,アイルランド語の「白い頭のキャベツ」から。芋とキャベツを潰した料理のこと。,weid-
weid,ophiuroid,Gr,クモヒトデ,1553,ギリシャ語 ophis(ヘビ)と oura(尾)から。ophidian と同じ「ヘビ」の語である。,ogʷhi-+ors-+weid-
weid,iwis,G,確かに,1555,古英語 gewiss(確かに)から。wit や wise と同じ「知る」語である。,kom+weid-
weid,witenagemot,G,賢人会議,1621,古英語で「賢人たちの集まり」。アングロサクソン時代の助言会議のこと。,kom+mōd-+weid-
weid,idocrase,Gr,ベスブ石,1635,ギリシャ語 eidos(形)と krasis(混合)から。idol と crater と同じ語である。,weid-+kerə-
weid,polyhistor,Gr,博学者,1635,ギリシャ語 poly(多い)と histor(知る者)から。history や wise と同じ「見る・知る」語である。,pelə-1+weid-
weid,autacoid,Gr,オータコイド,1688,ギリシャ語 autos(自分)と akos(薬)から。auto- と panacea と同じ語である。,autos+yēk-+weid-
weid,black-a-vised,L,色黒の,1766,black + 古フランス語 vis(顔)で「黒い顔つきの」。vis はラテン語 visus(見ること)、visage や vision と同じ語である。,bhel-1+ad-+weid-
weid,previse,L,予知する,1817,ラテン語 praevidere(前もって見る)から。prae-(前に)+ videre(見る)で、provide や vision と同じ「見る」語である。,per1+weid-
weid,lumbricoid,L,ミミズ状の,1886,ラテン語 lumbricus(ミミズ)+ -oid(…状の)から。回虫の学名 Ascaris lumbricoides のもとになった語である。,slengʷh-+weid-
weid,strophoid,Gr,ストロフォイド,1903,ギリシャ語 strophos(ねじった帯)+ -oid(…状の)から。catastrophe と同じ「回す」語である。,streb(h)-+weid-
weid,sciaenoid,Gr,ニベ科の魚、ニベ科の,2299,ギリシャ語 skiaina(ニベの類の魚)から。skia(影)にさかのぼるとされ、shine と同じ語に連なる。,skai-2+weid-
ye,subject,L,主題、被験者,266,原義は「下に投げられた者」。支配される臣民が、いつしか文の主語に。,upo+yē-
ye,disease,L,病気,274,ease「楽」を dis- で打ち消した語で、もとは「不快、不便」だった。,dwis-+yē-
ye,project,L,計画、投影する,285,原義は「前に投げ出されたもの」。投影も計画も「投げる」から。,per1+yē-
ye,object,L,物体、反対する,324,「前に投げ出されたもの」が原義。だから「反対する」の意味も持つ。,epi+yē-
ye,objective,L,目標、客観的な,411,1610年代の意味は今とほぼ逆で、「心に思い描かれた」だった。,epi+yē-
ye,ease,L,容易さ、和らげる,485,原義は「そばに横たわる」。寝そべる姿がそのまま「楽」になった。,ad-+yē-
ye,adjacent,L,隣接した,544,物にだけ使い、人や動物には使わない語。接していなくてよい。,ad-+yē-
ye,subjective,L,主観的な,544,1500年ごろは「従順な」の意。心の中の意味はカント以後に広まった。,upo+yē-
ye,injection,L,注射,548,原義は「中へ投げ込む」。体に液を送り込む意は15世紀から。,en+yē-
ye,rejection,L,拒絶,561,原義は「投げ返すこと」。臓器の拒絶反応の意は1954年から。,re-+yē-
ye,reject,L,拒絶する,586,原義は「投げ返す」。求愛をはねつける意は1580年代から。,re-+yē-
ye,trajectory,L,軌道,603,ラテン語で「投げ渡す」。投げたものが描く線が「軌道」。,terə-2+yē-
ye,projection,L,投射,614,もとは錬金術の語。溶けた金属に粉を投げ入れて変成させること。,per1+yē-
ye,objection,L,異議,620,中身は「前に投げる」。ラテン語では「前に置くこと」だった。,epi+yē-
ye,jet,Gr,噴出,625,原義は「投げる」。勢いよく飛び出す水の意から、ジェット機まで来た。,yē-
ye,catheter,Gr,カテーテル,660,字義は「下ろされたもの」。体内へ落とし込む管、という名。,kat-+yē-
ye,uneasy,L,不安な,677,昔は暴君や着心地の悪い服にも使った。心が乱れる意は1400年頃。,ne+ad-+yē-
ye,adjective,L,形容詞,728,原義は「名詞に投げ添えられたもの」。ひとりでは立てない語。,ad-+yē-
ye,objectivity,L,客観性,735,カント哲学を英語で紹介するために生まれた1794年の新語。,epi+yē-
ye,conjecture,L,推量する,768,原義は事実を「一緒に投げ集める」こと。並べてみて当てを付ける。,kom+yē-
ye,inject,L,注入する,821,分解すると「中へ投げ入れる」。1600年ごろ、医学の言葉として英語に入った。,en+yē-
ye,abject,L,みじめな,839,原義は「投げ捨てられた」。中英語では「追放された者」も指した。,apo-+yē-
ye,projectile,L,発射体,839,中身は「前へ投げる」。大砲の弾を指す語として1660年代に登場。,per1+yē-
ye,objectionable,L,不愉快な,857,「反対に投げつける」が objection の原義。異議を投げられそうな、の意。,epi+yē-
ye,malaise,L,不快感,876,文字どおり「悪い ease」。フランス語から来た、はっきりしない不調。,mel-5+ad-+yē-
ye,projector,L,プロジェクター,877,1590年代は「企画する人」の意味だった。映写機を指すのは1884年から。,per1+yē-
ye,gist,L,主旨,881,法廷の言い回し「この訴えはここにある」の「ある」が名詞になった。,yē-
ye,jetty,L,突堤,925,フランス語の「投げる」から。周りより先へ投げ出された構造物、の意。,yē-
ye,ejaculation,L,射精,929,中身は「投げ槍を放つ」。1620年代からは突然の叫びの意でも使われた。,eghs+yē-
ye,inkjet,L,インクジェット式,971,ジェットは「投げる」の意。インクを投げつけて印刷する。,kāu-+yē-
ye,object-oriented,L,オブジェクト指向,974,object の芯は「投げる」。前に投げ置かれたものが「対象」になった。,epi+yē-+er-1
ye,enema,Gr,浣腸,985,ギリシャ語で「中へ投げ入れること」。注入がそのまま名になった。,en+yē-
ye,eject,L,押し出す,998,原義は「外へ投げる」。ボタンで取り出すのも、退場させるのも同じ。,eghs+yē-
ye,abjection,L,卑屈,1045,ラテン語で「投げ捨てること」。reject と同じ「投げる」語。,yē-+apo-
ye,interject,L,さしはさむ,1046,ラテン語で「間に投げ込む」。eject と同じ「投げる」語。,en+yē-
ye,ejaculate,L,射精する,1047,ラテン語で「外へ投げる」。eject と同じ語である。,eghs+yē-
ye,paresis,Gr,不全麻痺,1048,ギリシャ語で「手放すこと」。力が抜けて落ちることを言う。,yē-
ye,interjection,L,投入,1078,「あいだに投げ込むもの」。文の途中に放り込まれる感嘆のことばを指す。,en+yē-
ye,jettison,L,捨てる,1085,「投げ出すこと」。船を軽くするため積み荷を海に捨てることを指した。,yē-
ye,jut,L,突き出る,1097,jet(噴き出す)の変形。project と同じ「投げる」語である。,yē-
ye,joist,L,小梁,1139,ラテン語で「投げ渡されたもの」。eject と同じ「投げる」語。,yē-
ye,subjacent,L,基礎となる,1214,ラテン語で「下に横たわる」。adjacent と同じ語である。,yē-
ye,jetsam,G,投げ荷,1221,jettison(投げ捨てる)の変わった形。海に投げ捨てた荷を指す。,yē-
ye,superjacent,L,すぐ上にある,1349,ラテン語で「上に横たわる」。adjacent と同じ語である。,uper+yē-
ye,jess,L,足緒(あしお),1360,古フランス語の「投げるもの」から。鷹の足につける革ひものこと。,yē-
ye,jeté,L,ジュテ,1402,フランス語 jeter(投げる)から。ラテン語 jacere で、eject や project と同じ語である。,yē-
ye,circumjacent,L,周辺の,1426,ラテン語 circum(まわり)と jacere(横たわる)から。adjacent や circus と同じ語である。,(s)ker-3+yē-
ye,amice,L,アミクトゥス,1450,ラテン語 amictus(まとうもの)から。ambi-(まわり)と jacere(投げる)で、eject と同じ語である。,ambhi+yē-
ye,deject,L,落胆する,1489,ラテン語 de-(下へ)と jacere(投げる)から。eject や project と同じ「投げる」語である。,yē-
ye,gite,L,自炊できる貸し別荘,1490,フランス語 gîte(宿)から。ラテン語 jacere(横たわる)で、adjacent や eject と同じ語である。,yē-
ye,diesis,Gr,ディエシス,1552,ギリシャ語 diesis(送り出すこと)から。hienai(投げる)は eject や jet と同じ語である。,yē-
ye,jactitation,L,詐称,1554,ラテン語 jactare(投げ回す)から。jacere(投げる)は eject や jet と同じ語である。,yē-
ye,interjacent,L,介在する,1569,ラテン語 inter(あいだ)と jacere(横たわる)から。adjacent や eject と同じ語である。,yē-+en
ye,synesis,Gr,意味構文,1596,ギリシャ語 syn(ともに)と hienai(送る)から。syn- と eject と同じ語である。,ksun+yē-
ye,traject,L,運ぶ,1638,ラテン語 trans(越えて)と jacere(投げる)から。trajectory や eject と同じ語である。,terə-2+yē-
ye,aphetic,Gr,語頭音消失の,1669,ギリシャ語 aphienai(手放す)から。apo-(離れて)と hienai(送る)で、eject と同じ語である。,yē-
ye,gisant,L,ジザン,1684,フランス語 gésir(横たわる)から。ラテン語 jacere で、adjacent や eject と同じ語である。,yē-
ye,adjacence,L,隣接,1713,ラテン語 ad-(そばに)と jacere(横たわる)から。adjacent や eject と同じ語である。,yē-+ad-
ye,jetton,L,代用硬貨,1715,フランス語で「投げるもの」。計算板に投げ置いて数を数えた、代用の駒である。,yē-
ye,parget,L,石こうで塗る,1781,ラテン語の「上から投げつける」から。壁に漆喰を塗りつける動作そのものである。,per1+yē-
mori,Morgan,Ce,モーガン,533,Morgan は古いケルト系の名で、芯にあるのは「海」。アーサー王物語の魔女モーガンの名として名高い――最近は J. P. Morgan さんのほうが有名かもしれないが。,mori-
mori,marine,L,海の,553,同じ「海」でも古英語は sælic。ラテン語 mare がそれを追い出した。,mori-
mori,Murray,L,マレー,600,スコットランドの地名 Moray から出た姓。ゲール語で「海に沿った土地」の意といわれる。,mori-
mori,maritime,L,海事の,649,中身は「海」と最上級の語尾。「海に密着した」が原義。,mori-
mori,submarine,L,潜水艦,735,1703年には「海の下に住む生き物」を指す語だった。,mori-+upo
mori,marsh,G,湿地,803,もとの綴りは mersh。語の芯にあるのは「海」を表す語根。,mori-
mori,merlin,L,魔法使いマーリン,829,ケルトの地名「海の丘」がマーリンの名のもと。アーサー王を導いた伝説の魔法使い。,mori-
mori,rosemary,L,ローズマリー,838,ラテン語で「海のしずく」。バラともマリアとも無縁で、後から形が寄った。,ers-2+mori-
mori,Weimar,G,ヴァイマル,840,地名は古高ドイツ語で「聖なる」+「湖」。1919年の憲法でこの名が残った。,mori-
mori,marina,L,マリーナ,856,もとは海沿いの遊歩道。ヨットの停泊地の意味は1935年のアメリカから。,mori-
mori,Muriel,Ce,ミュリエル,879,古アイルランド語で「輝く海」の意。muir(海)+geal(明るい)。,mori-+gel-1
mori,mermaid,G,人魚,894,原義はそのまま「海の乙女」。mere は今は使われない「海」の古語。,mori-+maghu-
mori,mariner,L,船乗り,1019,ラテン語 mare(海)から。marine や mermaid と同じ「海」の語である。,mori-
mori,morass,G,泥沼,1030,オランダ語 moeras(沼地)から。marsh(湿地)や mere(湖)と同じ「水」の語に連なる。,mori-
mori,marinate,L,マリネにする,1052,イタリア語で「海の水に漬ける」。marine と同じ語である。,mori-
mori,aquamarine,L,アクアマリン,1084,ラテン語で「海の水」。aqua と marine を合わせた宝石名。,akʷ-ā-+mori-
mori,marinara,L,マリナラソース,1110,イタリア語で「船乗り風」。日持ちする材料で手早く作れることによる名だとされる。,mori-
mori,ultramarine,L,群青色の,1137,ラテン語で「海の向こう」。marine と同じ語である。,al-1+mori-
mori,cormorant,L,鵜,1168,ラテン語の「海のカラス」。黒い姿と鳴き声からついた鳥の名。,ker-2+mori-
mori,merman,G,男の人魚,1172,古英語 mere(海、湖)と man から。mermaid の男版である。,mori-
mori,mere,L,湖,1196,「単なる」mere とは別語。詩の言葉で、古くは「海」も指した。,mori-
mori,mare,G,月や火星の海,1216,月面の黒い部分。本当に海だと思われていたころの名残。,mori-
mori,mariculture,L,海洋養殖,1246,ラテン語 mare(海)と culture から。marine と同じ語である。,mori-+kʷel-1
mori,meerkat,G,ミーアキャット,1267,オランダ語で「海の猫」。かつて猿を指した語が、なぜかこの動物の名になった。,mori-
mori,Armorica,L,アルモリカ,1279,地名。ガリア語で「海の前」。ブルターニュの古い呼び名である。,mori-
mori,meerschaum,G,海泡石,1291,ドイツ語で「海の泡」。白く軽い鉱石を、波の泡に見立てた。,mori-+(s)keu-
mori,maar,L,マール,1299,ドイツ語 Maar から。ラテン語 mare(海、たまり水)にさかのぼる。,mori-
mori,marram grass,G,マラム,1420,古ノルド語 maralmr(海辺の草)から。marr(海)は marine や mermaid と同じ語である。,mori-+kolə-mo-
mori,bêche-de-mer,L,干しなまこ,1489,フランス語で「海の虫」。mer(海)はラテン語 mare で、marine や mermaid と同じ語である。,mori-
mori,ormer,L,セイヨウトコブシ,1536,ノルマン方言 or-(耳)と mer(海)から。「海の耳」の意で、ear と marine を合わせた語である。,aus-4+mori-
mori,fluviomarine,L,河口海洋の,1788,ラテン語 fluvius(川)+ mare(海)から。fluid や flow、そして marine や mermaid と同じ語からなる。,bhleu-+mori-
men,mind,G,心、気にする,180,古英語では第一に「記憶」。思考や意志の意味は後から育った。,men-1
men,music,Gr,音楽,318,原義は「ムーサの技」。古代ギリシャでは詩もこの語に含まれていた。,men-1
men,mental,L,精神の,339,「あごの」の mental とは別語。「頭がおかしい」という意味が付いたのは1927年ごろから。,men-1
men,mention,L,言及する、表彰,427,原義は「心に呼び起こす」。軽い言及になったのは18世紀。,men-1
men,demonstrate,L,証明する、デモをする,467,「デモをする」の意は1888年から。語源をたどると monster に行き着く。,de-+men-1
men,comment,L,論評,508,ラテン語では「作り話」。注釈の意味は神学者たちが与えた。,kom+men-1
men,monitor,L,監視装置,518,初出は1540年代の「風紀を預かる上級生」。機械より人が先。,men-1
men,automatically,Gr,自動的に,530,1834年の初出では「思わず、無意識に」の意だった。,autos+men-1
men,remind,G,思い出させる,554,ラテン語の re- と英語の mind をつないだ混血の語。1640年代生まれ。,re-+men-1
men,museum,Gr,博物館,556,原義は「ミューズの神殿」。詩と学芸の女神に捧げた場所だった。,men-1
men,automatic,Gr,自動の,563,ギリシャ神話で、ひとりでに開くオリンポスの門を指した語。,autos+men-1
men,monster,L,怪物,582,原義は「警告」。神が凶事を告げる前触れが怪物だった。,men-1
men,mentally,L,精神的に,601,中英語では「魂において」の意でも使われた。,men-1
men,commentary,L,解説,610,もとは覚え書きや日記。実況放送を指すのは1927年から。,kom+men-1+-yo-3
men,demonstration,L,実証,615,monster と同じ語から。monstrum はもと神が告げるしるしだった。,de-+men-1
men,reminder,G,思い出させるもの,615,17世紀には remindless(忘れっぽい)という語も使われていた。,re-+men-1
men,automation,Gr,自動化,640,1948年、フォード社の副社長が作った言葉。意外なほど新しい。,autos+men-1
men,amusement,L,娯楽,648,もとは「注意をそらすこと」で軍事の陽動を指した。娯楽の意味は後から。,ad-+men-1
men,mentor,Gr,指導者,650,「オデュッセイア」の助言者の名。その正体は女神アテナだった。,men-1
men,monument,L,記念碑,678,原義は「思い出させるもの」。13世紀には「墓」を指した。,men-1
men,mindful,G,気を配る、心に留めている,703,mind(心)+ -ful から。mind はラテン語 mens(心)と同源で、mental や monitor と同じ「考える」語である。,men-1
men,amusing,L,面白い,715,1590年代には「だますような」の意。「面白い」は18世紀から。,ad-+men-1
men,musician,Gr,音楽家,715,もとは「音楽に通じた人」。演奏を職業とする人の意は15世紀から。,men-1
men,reminiscent,L,追憶にひたる,725,「思い出す」から、1880年ごろ「何かを思わせる」へ広がった。,re-+men-1
men,monstrous,L,巨大な,727,元は神が示す「前触れ」。警告する monere から生まれた語。,men-1
men,muster,L,招集する,749,語源は「見せる」で、monster と同じ語から出た。,men-1
men,summon,L,呼び出す,749,ラテン語の原義は「そっと注意する」。今の強い意味とは大違い。,upo+men-1
men,monumental,L,記念碑の,750,「記念碑の」から、1650年代に「記念碑のように巨大な」へ。,men-1
men,mosaic,Gr,モザイク,752,「ミューズの技」が語源。中世のモザイクは女神に捧げられた。,men-1
men,mantra,Sa,マントラ,766,サンスクリット語で「思考の道具」。瞑想の言葉を指すのは1919年から。,men-1
men,amuse,L,楽しませる,841,原義は「ぼんやり考えこませる」。18世紀まで主な意味は「だます」。,ad-+men-1
men,mania,Gr,熱狂,841,ギリシャ語で「狂気」。予言者を指す mantis と同源とされる。,men-1
men,Minerva,L,ミネルウァ,851,名前の芯は「考える」。知恵の女神にふさわしい名前。,men-1
men,amnesia,Gr,記憶喪失,859,ギリシャ語では amnestia が普通で、そちらは「罪を忘れる」＝恩赦の意。,ne+men-1+-ā-
men,automate,Gr,自動化する,862,automated が先にあり、あとから削って作られた1954年の語。,autos+men-1
men,manic,Gr,躁状態の,864,躁うつ病の旧称は「円環の狂気」。manic は1902年の新語。,men-1
men,Muse,Gr,ミューズ,889,ギリシャ神話の芸術の女神。「思いにふける」の muse は別語。犬が鼻を上げる姿からという説も。,men-1
men,amnesty,Gr,恩赦,894,ギリシャ語で「忘れること」。罪を思い出さないと決めるのが恩赦だった。,ne+men-1
men,automaton,Gr,自動機械,898,原義は「自分で考えて動くもの」。後半は「考える」語根。,autos+men-1
men,mnemonic,Gr,記憶の,918,ギリシャ語 mneme「記憶」から。名詞 mnemonics から逆にできた語。,men-1
men,maniac,Gr,狂人,928,先に「狂気の」という形容詞があり、人を指す名詞は18世紀に生まれた。,men-1
men,Mentor,Gr,メンター,932,「オデュッセイア」の助言者の名。その正体は女神アテナだった。,men-1
men,premonition,L,予感,954,「前もって警告する」が原義。もとは人からの事前の警告だった。,per1+men-1
men,demented,L,痴呆になった,956,今は消えた動詞 dement(狂わせる)の名残。中身は「心を失う」。,de-+men-1
men,reminiscence,L,回想,960,中身は「もう一度心に」。ギリシャ語 anamnesis の訳語として生まれた。,re-+men-1
men,idiomatic,Gr,慣用的な,971,ギリシャ語で「自分だけの考え」。その言語にしかない言い回し。,men-1+s(w)e-
men,mens rea,L,犯意,972,ラテン語で文字通り「有罪の心」。罪に問うには心の状態を見る。,men-1
men,memento,L,記念物,998,ミサ文の一語「記憶せよ」がそのまま名詞に。形見の意は1768年から。,men-1
men,admonish,L,忠告する,1001,ラテン語で「思い出させる」。忘れているだけだと見て、そっと気づかせるのが本来だった。,men-1+ad-
men,mandarin,Sa,官吏,1011,サンスクリット語の「助言者」がポルトガル語を経て入った語。中国語とは関係がない。,men-1
men,mindlessly,G,何も考えずに、漫然と,1020,mind(心)+ -less + -ly から。mind は mental や mania と同じ「考える」語である。,men-1+leu-
men,maniacal,L,狂気のような,1038,ギリシャ語 mania(狂気)から。mind と同じ「思う」語。,men-1
men,semiautomatic,L,半自動の,1076,ラテン語の「半分」と、ギリシャ語の「自ら動く」の合成。,sēmi-+men-1
men,necromancy,Gr,降霊術,1077,ギリシャ語で「死者に問う」。mind と同じ語をふくむ。,nek-1+men-1
men,mantis,Gr,カマキリ,1105,ギリシャ語で「予言者」。前脚を掲げた姿が、祈り占う人に見えた。,men-1
men,remonstrate,L,抗議する,1111,ラテン語で「はっきり示す」。monster と同じ語である。,re-+men-1
men,Mnemosyne,Gr,ムネモシュネ,1120,ギリシャ神話の記憶の女神。mnemonic と同じ「思う」語。,men-1
men,Ahriman,Ir,アフリマン,1131,ゾロアスター教の悪神。名の中身は「敵意ある霊」である。,men-1
men,premonitory,L,警告の,1136,ラテン語で「前もって警告する」。monitor と同じ語である。,per1+men-1
men,mnemonics,Gr,記憶術,1151,ギリシャ語 mneme(記憶)から。mind と同じ「思う」語である。,men-1
men,anamnesis,Gr,追憶,1155,ギリシャ語で「思い出すこと」。amnesia の反対である。,an-+men-1
men,Ahura Mazda,Ir,アフラ=マズダー,1173,アヴェスタ語で「賢き主」。ゾロアスター教の最高神の名である。,ansu-+men-1+dhē-
men,megalomania,L,誇大妄想,1198,ギリシャ語で「巨大への熱狂」。megalo-(巨大)と mania から。,meg-+men-1
men,Eumenides,Gr,エウメニデス,1202,「親切な方々」という意味の忌み名。復讐の女神を本名で呼ぶと祟ると恐れられた。,(e)su-+men-1
men,mantic,Gr,占いの,1222,ギリシャ語 mantis(占い師)から。mania や mind と同じ「思う」語である。,men-1
men,kleptomania,Gr,窃盗癖,1300,ギリシャ語で「盗みへの熱狂」。kleptein(盗む)と mania から。,klep-+men-1
men,compos mentis,L,正気の,1321,ラテン語で「自分の心を持っている」。正気であることを、所有の形で言い表した。,men-1+poti-+kom
men,anamnestic,Gr,記憶を助ける,1324,ギリシャ語 anamnesis(想起)から。ana-(再び)と mnasthai(思い出す)から。,men-1
men,kleptomaniac,Gr,窃盗癖のある人,1335,kleptomania(窃盗癖)のある人。kleptein(盗む)と mania から。,klep-+men-1
men,maenad,Gr,マイナス,1353,ギリシャ語 mainesthai(狂う)から。mania と同じ語である。,men-1
men,monition,L,注意,1385,ラテン語 monere(戒める)から。monitor や mind と同じ語である。,men-1
men,pyromania,G,放火狂,1392,ギリシャ語で「火への熱狂」。pyr(火)と mania から。,paəwr̥+men-1
men,pyromaniac,Gr,放火狂癖の,1401,ギリシャ語 pyr(火)と mania(狂気)から。fire と同じ語で、mania は mental と同じ「心」の語である。,paəwr̥+men-1
men,Ormazd,Ir,オフルマズド,1410,アヴェスタ語 Ahura Mazda(知恵の主)から。mazda(知恵)は mind や mental と同じ語である。,ansu-+men-1+dhē-
men,erotomania,Gr,色情狂,1429,ギリシャ語 eros(愛)と mania(狂気)から。mania は mind や mental と同じ語である。,erə-3+men-1
men,bibliomania,Gr,蔵書癖、書物狂,1481,ギリシャ語 biblion(本)+ mania(熱狂)から。bible と、mind や mental と同じ「心」の語からなる。,men-1
men,Mazdaism,Ir,ゾロアスター教,1511,アヴェスタ語 Mazda(知恵)から。mind や mental と同じ「考える」語である。,men-1+dhē-
men,oneiromancy,Gr,夢占い,1533,ギリシャ語 oneiros(夢)と manteia(占い)から。necromancy と同じ語尾である。,oner-+men-1
men,dement,L,ぼける,1542,ラテン語 de-(離れて)と mens(心)から。mental や mind と同じ「考える」語である。,men-1
men,amentia,L,アメンチア,1546,ラテン語で「心を離れて」。精神の働きが失われた状態を指した古い医学語である。,apo-+men-1
men,monish,G,警告する,1590,ラテン語 monere(いさめる)から。admonish や mind と同じ「考えさせる」語である。,men-1
men,cleromancy,Gr,くじによる占い,1593,ギリシャ語 kleros(くじ)と manteia(占い)から。clergy や necromancy と同じ語である。,kel-1+men-1
men,minnesinger,G,ミンネジンガー,1603,ドイツ語 Minne(愛)と Singer(歌い手)から。Minne は mind、singen は sing と同じ語である。,men-1+sengʷh-
men,minikin,G,小さい,1616,中期オランダ語 minneken(いとしい人)から。minne(愛)は mind と同じ語である。,men-1
men,ament,L,知的障害のある人,1621,「心が離れた」の意。ラテン語の a「離れて」と mens「心」から。,men-1
men,balletomane,Gr,バレエ狂の人,1669,ロシア語 balet(バレエ)と mania(狂気)から。ballet と mania を合わせた語である。,gʷelə-+men-1
men,rhabdomancy,Gr,棒占い,1730,ギリシャ語 rhabdos(杖)と manteia(占い)から。rhabdos は verse と同じ「巻く」根である。,wer-3+men-1
men,gebrauchsmusik,G,実用音楽,2020,ドイツ語 Gebrauch(使用)+ Musik(音楽)で「実用音楽」。前半は英語 brook(耐える。もとは「用いる」)と同じ語である。,bhrūg-+men-1
do,data,L,データ,112,「与えられたもの」datum の複数形。もとは計算の前提となる事実。,dō-
do,addition,L,追加,279,ad-「〜へ」+ dare「与える」で、原義は「加え与えること」。,ad-+dō-
do,date,Gr,日付、デート,332,ローマ人が手紙の末尾に書いた「与えられた日」から。,dō-
do,traditional,L,伝統的な,335,語源は「手渡す」。人から人へ渡されてきたものが伝統になる。,terə-2+dō-
do,additional,L,追加の,347,additional の add は、ラテン語の「〜へ与える」から。,dō-+ad-
do,add,L,加える,362,ad(〜へ)+dere(置く)。「そばに置く」が「加える」になった。,ad-+dō-
do,die,G,さいころ、金型,371,死ぬ die とは別語。ラテン語「与えられたもの」から。,dō-
do,tradition,L,伝統,411,trans(越えて)+dare(与える)で、原義は「手渡すこと」。,terə-2+dō-
do,dose,Gr,服用量,458,原義はギリシャ語の「与えること」。医師が処方する量を指した。,dō-
do,edition,L,版,463,ex(外へ)+dare(与える)で、原義は「世に出すこと」。,eghs+dō-
do,editor,L,編集者,523,1640年代は「出版者」。今の「編集者」の意は1712年から。,eghs+dō-
do,rent,L,家賃,526,「裂け目」の rent は全くの別語。家賃の方は「差し出す」から。,re-+dō-
do,dated,L,時代遅れの,541,「時代遅れ」の意は1900年から。日付の date は「与える」が語根。,dō-
do,dating,L,デートすること,545,恋愛の意味で使い出したのは1939年。日付の date と同じ語。,dō-
do,render,L,表現する,584,原義は「返す」。フランス語のer語尾が残った珍しい英語動詞。,re-+dō-
do,surrender,L,降伏する,591,もとは法律で財産を引き渡すこと。自分を差し出す意は1580年代。,uper+re-+dō-
do,donor,L,提供者,600,臓器の提供者を指す用法は1918年、最初はモルモットの話。,dō-
do,traditionally,L,伝統的に,605,tradition の中身は「向こうへ手渡す」。伝統は渡すもの。,terə-2+dō-
do,rendering,L,演出,634,脂を煮溶かすのも rendering。芸術の「表現」の意は1851年から。,re-+dō-
do,editorial,L,編集者の,652,「社説」を指す名詞は1830年のアメリカ英語から。形容詞が先。,eghs+dō-
do,Dorothy,Gr,ドロシー,660,「神の贈り物」の意。要素を入れ替えると Theodora になる。,dō-+dhēs-
do,pardon,L,許し,670,「心をこめて贈る」が原義。ラテン語の「完全に」+「贈る」から。,per1+dō-
do,dot,G,持参金,673,語根は「与える」。点を指す dot とは別語で、こちらは持参金。,dō-
do,dosage,L,調剤,699,語根は「与える」。薬の一回分は「与えられた量」の意。,dō-
do,Theodore,Gr,シオドア,706,「神からの贈り物」の意。theos「神」+ dōron「贈り物」。,dhēs-+dō-
do,vendor,L,供給業者,714,ラテン語の「売る」は「売り物として与える」が縮まった形。,wes-1+dō-
do,betray,G,裏切る,720,中身は「引き渡す」。敵に手渡すことが裏切りだった。,ambhi+terə-2+dō-
do,pandora,Gr,パンドラ,720,Pandora は pan(すべて)+dōron(贈り物)。美しい贈り物の箱は、開けたい気持ちと危うさを同時に連れてくる。,
do,donation,L,寄付,722,「与える」の語根から生まれた語で、日付の date とも同源。,dō-
do,edit,L,編集する,724,editor から逆に作られた語。「原稿を直す」意味は1885年から。,eghs+dō-
do,additionally,L,その上,737,add は「…へ(ad-)与える(dare)」が中身。,dō-+ad-
do,treason,L,反逆,751,tradition と双子の語。ラテン語で「引き渡すこと」が原義。,terə-2+dō-
do,traitor,L,裏切り者,754,ラテン語で「引き渡す人」。伝統 tradition と同じ「手渡す」語。,terə-2+dō-
do,dice,L,さいころ,761,die の複数形。s が濁らないのは pence と同じで、まとまりの語だから。,dō-
do,outdated,G,時代遅れの,776,out-of-date(1610年代)より先に、1590年代から使われていた。,ud-+dō-
do,danna,,旦那、檀那,780,日本語の旦那は、サンスクリット語 dāna「施し・布施」に由来する檀那から。もとは寺や僧を支える人を指した。,
do,donate,L,寄付する,801,名詞 donation から逆に作られた語。1819年のアメリカ生まれ。,dō-
do,antidote,Gr,解毒剤,817,原義は「向かい合わせに与えるもの」。毒に差し向ける薬という発想。,ant-+dō-
do,rendezvous,L,待ち合わせ場所,831,フランス語の「集まれ」という命令文が、そのまま名詞になった。,re-+dō-+wō̆s
do,Dorian,Gr,ドーリア(人)の,839,ギリシャの小地方ドリスの名から。地名は「贈り物」と関係するという。,dō-
do,dowry,L,持参金,845,ラテン語の「与える」から。生まれつきの才能を指すこともある。,dō-
do,Pandora,Gr,パンドラ,856,神話の名。名前の意味は「すべての贈り物」。箱に最後まで残ったのは希望だった。,pant-+dō-
do,rendition,L,演奏,865,元は「城や物を明け渡すこと」。演奏の意は1855年の米語。,re-+dō-
do,extradition,L,引き渡し,885,1811年、フランスの法令の翻訳で英語に入った。ヴォルテールの造語という。,eghs+terə-2+dō-
do,datum,L,データ,911,原義は「与えられたもの」。data はその複数形にあたる。,dō-
do,endow,L,授ける,956,ラテン語の「持参金」から。財産を与える、が原義。,en+dō-
do,condone,L,容赦する,969,原義は「贈り物として与える」。1857年の離婚法で使われ広まった。,kom+dō-
do,Isidore,Gr,イシドールス,970,人名。「イシスの贈り物」の意。セビリアの聖人は2001年、ネットの守護聖人に。,dō-
do,dative,Gr,与格,977,「与えることの」という名を持つ格。だから受け取り手を表す。,dō-
do,perdition,L,永遠の滅び,992,中身は「すっかり与え尽くす」。そこから「失う」、さらに地獄行きへ。,per1+dō-
do,dower,L,寡婦産,1003,ラテン語の「与える」から。夫の死後に妻へ渡される財産を指した。,dō-
do,addendum,L,補遺,1009,ラテン語で「加えるべきもの」。本の末尾に足す補遺を指す。,ad-+dō-
do,dowager,L,未亡人,1012,フランス語の「寡婦産を持つ人」。夫の遺産を受け継いだ未亡人を指す。,dō-
do,fedora,Gr,中折れ帽,1059,1882年の戯曲の主人公フェドラから。中身は「神の贈り物」。,dō-
do,Theodosia,Gr,テオドシア,1070,人名。ギリシャ語で「神の贈り物」。Dorothy と同じ二語の入れ替え。,dō-+dhēs-
do,Eudora,Gr,エウドラ,1095,人名。ギリシャ語で「よい贈り物」。Dorothy と同じ二語の入れ替え。,dō-+es-+(e)su-
do,sacerdotal,L,聖職の,1102,ラテン語 sacerdos(祭司)から。中身は「聖物を渡す者」。,sak-+dō-
do,extradite,L,送還する,1113,ラテン語で「外へ引き渡す」。tradition と同じ語である。,eghs+terə-2+dō-
do,samizdat,Sl,地下出版,1151,ロシア語で「自主出版」。国の検閲を通さず自分たちで刷った地下出版のこと。,sem-1+eghs+dō-
do,dacha,Sl,別荘,1163,ロシア語で「与えられた土地」。君主から下げわたされた地所がもとの意味。,dō-
do,dado,L,腰羽目,1225,イタリア語 dado(さいころ、台座)から。die(さいころ)と同じ語である。,dō-
do,donative,L,寄付金,1243,ラテン語 donare(与える)から。donate や date と同じ語である。,dō-
do,epidote,Gr,緑簾石,1245,ギリシャ語で「さらに与えられた」。結晶の面が伸びていることから。,dō-
do,apodosis,Gr,帰結節,1267,ギリシャ語で「返して与えるもの」。条件文の帰結節を指す。,apo-+dō-
do,vend,L,売り歩く,1313,ラテン語の「売りに出す」。売ることと与えることの語が合わさってできている。,wes-1+dō-
do,Polydorus,Gr,ポリュドロス,1363,人名。ギリシャ語で「多くの贈り物を受けた者」。poly- と doron(贈り物)から。,pelə-1+dō-
do,deodand,G,没収動産,1459,中世ラテン語 Deo dandum(神に与えるべきもの)から。Deus は deity、dare は donate と同じ語である。,dō-+dyeu-
do,quitrent,L,免役地代,1472,quit(免除)と rent から。quit は quiet や acquit と同じ「静める」語である。,kʷeiə-+re-+dō-
do,outdate,G,時代遅れにする,1542,out と date から。date はラテン語 dare(与える)で、donate や data と同じ語である。,ud-+dō-
do,lobster thermidor,L,ロブスターテルミドール,1556,フランス革命暦の月名 Thermidor から。ギリシャ語 thermos(熱)と doron(贈り物)による語である。,dō-+gʷher-
genu,knee,G,ひざ,505,語根は「膝、角度」。曲がっている所そのものを指す語だった。,genu-1
genu,diagonal,Gr,斜めの,726,「角」を表すギリシャ語 gōnia は、もともと「膝」のこと。,dwo-+genu-1
genu,orthogonal,Gr,直交の,768,後半の gōnia「角」は語根の「膝」から。膝の曲がりが角の名になった。,erədh-+genu-1
genu,kneel,G,ひざまずく,814,過去形 knelt は19世紀の新顔。feel/felt にならって作られた。,genu-1
genu,polygon,Gr,多角形,882,中身は「多くの角」。角を表す語根はもと「ひざ」。,pelə-1+genu-1
genu,hexagon,Gr,六角形,965,「角」を表すギリシャ語 gōnia は、もと「膝」の意味。,genu-1+s(w)eks
genu,trigonometry,Gr,三角法,1055,ギリシャ語で「三角を測ること」。そのままの組み立てである。,genu-1
genu,geniculate,L,鋭角に屈曲した,1066,ラテン語 genu(ひざ)から。knee と同じ語である。,genu-1
genu,octagon,Gr,八角形,1075,ギリシャ語で「八つの角」。October と同じ「八」の語。,genu-1+oktō(u)
genu,pentagon,Gr,五角形,1079,ギリシャ語で「五つの角」。角を表す語は knee と同じ一族。,penkʷe+genu-1
genu,goniometer,Gr,測角器,1205,ギリシャ語で「角を測るもの」。gonia(角)は knee(ひざ)と同じ語。,genu-1+mē-2
genu,genuflect,L,片膝を曲げる,1334,ラテン語で「ひざを曲げる」。genu(ひざ)は knee と同じ語である。,genu-1
genu,heptagon,Gr,七角形,1334,ギリシャ語で「七つの角」。hepta(7)と gonia(角)から。,genu-1
genu,genuflection,L,ひざまずくこと,1354,ラテン語で「ひざを曲げること」。genu(ひざ)は knee と同じ語。,genu-1
genu,decagon,Gr,十角形,1440,ギリシャ語 deka(10)と gonia(角)から。ten と knee(ひざ=角)と同じ語である。,dekm̥+genu-1
genu,agonic,Gr,無角の,1491,ギリシャ語 a-(なし)と gonia(角)から。gonia は knee や diagonal と同じ語である。,genu-1+ne
genu,dodecagon,Gr,12辺形,1494,ギリシャ語 dodeka(12)と gonia(角)から。two と ten と knee(角)を合わせた語である。,dwo-+dekm̥+genu-1
genu,nonagon,L,九角形,1532,ラテン語 nonus(9番目)と gonia(角)から。nine と knee(角)を合わせた語である。,newn̥+genu-1
genu,polygonum,Gr,タデ,1575,ギリシャ語 poly(多い)と gony(ひざ・節)から。節の多い茎による名で、knee と同じ語である。,pelə-1+genu-1
genu,gonion,Gr,顎角点,1597,ギリシャ語 gonia(角)から。knee や diagonal と同じ「ひざ・角」の語である。,genu-1
genu,amblygonite,Gr,アンブリゴナイト,1680,ギリシャ語 amblys(鈍い)と gonia(角)から。knee(角)と同じ語を含む鉱物名である。,genu-1+mel-1
genu,pycnogonid,Gr,ウミグモ,1757,ギリシャ語 puknos(密な)+ gonu(ひざ)で「ひざの詰まったもの」。gonu は knee(ひざ)と同じ語である。,genu-1
