id,note
kaput,"「頭」から、captain・capital・cabbage が生まれた。てっぺん／いちばん／かぶるものへ意味が広がる。"
ane,"息をする=生きている。animal も animation も、この呼吸から生まれた。"
bha,"話す=声に出す。fable は語られる話、phone は声や音を遠くへ届ける道具。"
gwei,"生きる=いきいき動く。vivid・quick・zoo へ、生命のイメージが広がる。"
oino,"ひとつ=まとまる。one・unique・union・alone へ、数とまとまりの感覚が広がる。"
reg,"まっすぐ=正しい。right・rule・royal へ、線を引き、導き、支配する意味が広がる。"
weid,"見る=知る。wise・idea・video は、見えているものから理解へ進む一族。"
ye,"投げる=前へ出す。jet・project・subject は、投げる動きから抽象語へ広がる。"
do,"与える=差し出す。donor は与える人、data は与えられたもの、Pandora は“すべての贈り物”をもつ名。日本語の旦那もサンスクリット語 dāna「布施」へつながる。"
